도시명,시군구,학교명,학교 학생 수,최종 동질성 지수(H_m),소비 획일성 지수,소비 1위 업종,소비 2위 업종,소비 3위 업종,사회 문화 획일성 지수,진로 획일성 지수,진로 노출 획일성 지수,학구 순전입률
대구광역시,달서구,구남중학교,98,1.330675444,0.4321,,,,0.973726,0.30887,0.3515,0.4379562044
대구광역시,달성군,대구포산초등학교,977,0.8160293287,0.4321,,,,0.946418,1,0.3487,0
대구광역시,북구,대구복현초등학교,973,0.8268357655,0.4321,,,,0.964922,1,0.3493,-1.952723535
대구광역시,달성군,대구다사초등학교,971,0.8142048246,0.4321,,,,0.94327,1,0.3487,-0.4480286738
대구광역시,동구,달구벌고등학교,97,1.327870586,0.4321,,,,0.962626,0.41083,0.3499,0
대구광역시,북구,강북중학교,950,0.7433764933,0.4321,,,,0.965507,0.458606,0.3493,-0.8176918788
대구광역시,동구,대구공업고등학교,950,0.7125779532,0.4321,,,,0.954906,0.0439,0.3499,0
대구광역시,달서구,대구월서초등학교,948,0.918868374,0.4321,,,,0.969506,1,0.3515,0.8438818565
대구광역시,수성구,대륜고등학교,946,0.8200916218,0.4693,기타 개인 서비스업,"미용, 욕탕 및 유사 서비스업",기타 전문 서비스업,0.977557,0.378054,0.3313,0.6116852985
대구광역시,달서구,상서고등학교,944,0.7240445474,0.4321,,,,0.971607,0.055856,0.3515,0
대구광역시,수성구,경신중학교,931,0.7769954566,0.4693,기타 개인 서비스업,"미용, 욕탕 및 유사 서비스업",기타 전문 서비스업,0.978955,0.645965,0.3313,-0.21595357
대구광역시,달성군,대구하빈초등학교,93,1.442267244,0.4321,,,,0.912961,1,0.3487,-0.4480286738
대구광역시,북구,대구사수초등학교,928,0.8254429118,0.4321,,,,0.962534,1,0.3493,-9.267241379
대구광역시,동구,강동중학교,921,0.7327061105,0.4321,,,,0.957559,0.071964,0.3499,0.0488997555
대구광역시,북구,대구관문초등학교,919,0.8241333091,0.4321,,,,0.960287,1,0.3493,-7.290533188
대구광역시,수성구,소선여자중학교,915,0.7538170474,0.4693,기타 개인 서비스업,"미용, 욕탕 및 유사 서비스업",기타 전문 서비스업,0.978943,0.452162,0.3313,-0.21595357
대구광역시,북구,대구일중학교,909,0.7874528166,0.4321,,,,0.95945,0.319255,0.3493,0.5465547531
대구광역시,수성구,대구동성초등학교,906,1.133370816,0.4693,기타 개인 서비스업,"미용, 욕탕 및 유사 서비스업",기타 전문 서비스업,0.973785,1,0.3313,8.719646799
대구광역시,동구,대구강동초등학교,900,0.822517931,0.4321,,,,0.95744,1,0.3499,-0.7777777778
대구광역시,달성군,대구강림초등학교,897,0.8151046563,0.4321,,,,0.944823,1,0.3487,-0.2120890774
대구광역시,수성구,오성중학교,897,0.7709195116,0.4693,기타 개인 서비스업,"미용, 욕탕 및 유사 서비스업",기타 전문 서비스업,0.978928,0.600832,0.3313,-0.21595357
대구광역시,달성군,왕선중학교,894,0.7822279663,0.4321,,,,0.947023,0.093635,0.3487,0.9021842355
대구광역시,달성군,유가중학교,874,0.8068921797,0.4321,,,,0.949106,0.466846,0.3487,0.8583690987
대구광역시,북구,대구달산초등학교,873,0.9831276079,0.4321,,,,0.960172,1,0.3493,3.207331042
대구광역시,달서구,대구상원고등학교,861,0.7546746075,0.4321,,,,0.945077,0.364228,0.3515,0.1883910387
대구광역시,달서구,대구한솔초등학교,858,0.8266878001,0.4321,,,,0.964402,1,0.3515,-2.207727045
대구광역시,북구,동평중학교,856,0.7358824846,0.4321,,,,0.964266,0.388575,0.3493,-0.8176918788
대구광역시,수성구,경북고등학교,849,0.8103060994,0.4693,기타 개인 서비스업,"미용, 욕탕 및 유사 서비스업",기타 전문 서비스업,0.963967,0.451719,0.3313,0.6116852985
대구광역시,수성구,대륜중학교,843,0.7825170731,0.4693,기타 개인 서비스업,"미용, 욕탕 및 유사 서비스업",기타 전문 서비스업,0.978881,0.685107,0.3313,-0.21595357
대구광역시,동구,대구효동초등학교,84,1.475893826,0.4321,,,,0.930879,1,0.3499,-9.523809524
대구광역시,동구,대구신천초등학교,835,0.8208896329,0.4321,,,,0.954641,1,0.3499,-3.952095808
대구광역시,동구,대구반야월초등학교,833,0.9189292434,0.4321,,,,0.956223,1,0.3499,1.320528211
대구광역시,수성구,대구중앙초등학교,832,0.8343059355,0.4693,기타 개인 서비스업,"미용, 욕탕 및 유사 서비스업",기타 전문 서비스업,0.974063,1,0.3313,-2.283653846
대구광역시,동구,대구봉무초등학교,832,0.822271755,0.4321,,,,0.957017,1,0.3499,-5.528846154
대구광역시,동구,새론중학교,830,0.7433995288,0.4321,,,,0.954593,0.357296,0.3499,0.0488997555
대구광역시,서구,계성고등학교,823,0.7368629118,0.4321,,,,0.915441,0.395489,0.3622,0.1883910387
대구광역시,동구,대구동부고등학교,817,0.8245466914,0.4321,,,,0.962626,0.644552,0.3499,0.6116852985
대구광역시,동구,대구공산초등학교,81,1.492676799,0.4321,,,,0.942049,1,0.3499,-12.34567901
대구광역시,동구,강동고등학교,808,0.7975663714,0.4321,,,,0.944474,0.546804,0.3499,0.6116852985
대구광역시,북구,학남고등학교,805,0.7787627703,0.4321,,,,0.946944,0.366126,0.3493,0.6116852985
대구광역시,달서구,대구성당초등학교,803,0.8246212447,0.4321,,,,0.960857,1,0.3515,-3.362391034
대구광역시,수성구,능인고등학교,803,0.8127949298,0.4693,기타 개인 서비스업,"미용, 욕탕 및 유사 서비스업",기타 전문 서비스업,0.976351,0.426857,0.3313,0.6116852985
대구광역시,달서구,경원고등학교,803,0.7931586866,0.4321,,,,0.973726,0.561163,0.3515,0.1883910387
대구광역시,수성구,대구여자고등학교,801,0.7978355954,0.4693,기타 개인 서비스업,"미용, 욕탕 및 유사 서비스업",기타 전문 서비스업,0.965939,0.348072,0.3313,0.6116852985
대구광역시,달성군,한울안중학교,80,1.314560895,0.4321,,,,0.955971,0.153171,0.3487,0
대구광역시,동구,대구송정초등학교,799,0.7806927173,0.4321,,,,0.95011,0.799762,0.3499,-2.628285357
대구광역시,서구,달성고등학교,798,0.7571270548,0.4321,,,,0.907087,0.613861,0.3622,0.1883910387
대구광역시,달서구,영남중학교,798,0.7530306381,0.4321,,,,0.97289,0.502517,0.3515,-0.4607307404
대구광역시,수성구,대구남산고등학교,795,0.8177231961,0.4693,기타 개인 서비스업,"미용, 욕탕 및 유사 서비스업",기타 전문 서비스업,0.977156,0.473067,0.3313,0.6116852985
대구광역시,달서구,대진중학교,793,0.748841222,0.4321,,,,0.971203,0.473931,0.3515,-0.4607307404
대구광역시,달성군,포산중학교,790,0.7971104061,0.4321,,,,0.947533,0.452618,0.3487,0.8583690987
대구광역시,북구,대구동평초등학교,789,0.8555987802,0.4321,,,,0.965071,1,0.3493,0.1267427123
대구광역시,동구,대구율원초등학교,788,0.8186466423,0.4321,,,,0.950781,1,0.3499,-2.664974619
대구광역시,수성구,영남공업고등학교,784,0.7302448877,0.4693,기타 개인 서비스업,"미용, 욕탕 및 유사 서비스업",기타 전문 서비스업,0.977971,0.016173,0.3313,0
대구광역시,수성구,신명여자중학교,783,0.7381579788,0.4693,기타 개인 서비스업,"미용, 욕탕 및 유사 서비스업",기타 전문 서비스업,0.977969,0.264558,0.3313,-0.21595357
대구광역시,수성구,시지중학교,775,0.7427420929,0.4693,기타 개인 서비스업,"미용, 욕탕 및 유사 서비스업",기타 전문 서비스업,0.97365,0.368795,0.3313,-0.21595357
대구광역시,수성구,동문고등학교,774,0.7986840517,0.4693,기타 개인 서비스업,"미용, 욕탕 및 유사 서비스업",기타 전문 서비스업,0.968474,0.361168,0.3313,0.6116852985
대구광역시,중구,경북대학교사범대학부설고등학교,769,0.7373505322,0.2302,무점포 소매업,스포츠 및 오락관련 서비스업,소매업; 자동차 제외,0.97731,0.483075,0.3322,0
대구광역시,북구,학남중학교,768,0.7344427605,0.4321,,,,0.959301,0.408584,0.3493,-0.8176918788
대구광역시,수성구,황금중학교,765,0.7454169674,0.4693,기타 개인 서비스업,"미용, 욕탕 및 유사 서비스업",기타 전문 서비스업,0.9727,0.406744,0.3313,-0.21595357
대구광역시,수성구,대구황금초등학교,760,0.884126382,0.4693,기타 개인 서비스업,"미용, 욕탕 및 유사 서비스업",기타 전문 서비스업,0.968268,1,0.3313,0.3947368421
대구광역시,북구,대구경진초등학교,76,1.492985048,0.4321,,,,0.93463,1,0.3493,0
대구광역시,동구,대구해안초등학교,76,1.476213004,0.4321,,,,0.918766,1,0.3499,-28.94736842
대구광역시,달서구,대구보건고등학교,757,0.7309458667,0.4321,,,,0.971964,0.247561,0.3515,0
대구광역시,달서구,원화여자고등학교,756,0.7703325849,0.4321,,,,0.972844,0.372947,0.3515,0.1883910387
대구광역시,북구,침산중학교,753,0.774926396,0.4321,,,,0.957323,0.31054,0.3493,0.5465547531
대구광역시,달서구,상원중학교,751,0.739339825,0.4321,,,,0.967512,0.401546,0.3515,-0.4607307404
대구광역시,동구,영신고등학교,747,0.8025598549,0.4321,,,,0.962626,0.522526,0.3499,0.6116852985
대구광역시,북구,강북고등학교,747,0.7961179009,0.4321,,,,0.969718,0.422591,0.3493,0.6116852985
대구광역시,중구,계성초등학교,743,0.8194259564,0.2302,무점포 소매업,스포츠 및 오락관련 서비스업,소매업; 자동차 제외,0.97731,1,0.3322,0
대구광역시,북구,성화여자고등학교,743,0.8013209469,0.4321,,,,0.968821,0.479167,0.3493,0.6116852985
대구광역시,달서구,대곡고등학교,739,0.7727651227,0.4321,,,,0.964704,0.461529,0.3515,0.1883910387
대구광역시,달서구,월암중학교,739,0.7435227899,0.4321,,,,0.972823,0.409317,0.3515,-0.4607307404
대구광역시,북구,구암고등학교,736,0.8488136713,0.4321,,,,0.959754,0.834376,0.3493,0.6116852985
대구광역시,북구,성광중학교,735,0.7902243676,0.4321,,,,0.969718,0.400831,0.3493,0.5465547531
대구광역시,동구,율원중학교,733,0.7276073911,0.4321,,,,0.955349,0.076459,0.3499,0.0488997555
대구광역시,수성구,대구혜화여자고등학교,731,0.8061748235,0.4693,기타 개인 서비스업,"미용, 욕탕 및 유사 서비스업",기타 전문 서비스업,0.979671,0.393333,0.3313,0.6116852985
대구광역시,동구,대구동신초등학교,729,0.8218103425,0.4321,,,,0.956224,1,0.3499,-1.09739369
대구광역시,달서구,대구유천초등학교,728,0.8283877502,0.4321,,,,0.967315,1,0.3515,-4.258241758
대구광역시,달성군,화원고등학교,728,0.7525442725,0.4321,,,,0.942235,0.419345,0.3487,0.1883910387
대구광역시,북구,대구연경초등학교,727,0.8264238606,0.4321,,,,0.964216,1,0.3493,0
대구광역시,동구,동대구초등학교,725,0.8148496411,0.4321,,,,0.944235,1,0.3499,-4.827586207
대구광역시,수성구,대구용지초등학교,720,0.8337963888,0.4693,기타 개인 서비스업,"미용, 욕탕 및 유사 서비스업",기타 전문 서비스업,0.97319,1,0.3313,-1.666666667
대구광역시,수성구,대구동부중학교,718,0.7329777698,0.4693,기타 개인 서비스업,"미용, 욕탕 및 유사 서비스업",기타 전문 서비스업,0.962494,0.33816,0.3313,-0.21595357
대구광역시,수성구,대구수성초등학교,717,1.048298434,0.4693,기타 개인 서비스업,"미용, 욕탕 및 유사 서비스업",기타 전문 서비스업,0.968514,1,0.3313,7.391910739
대구광역시,달성군,서동중학교,716,0.7074238348,0.4321,,,,0.94666,0.076768,0.3487,-1.320901321
대구광역시,달성군,다사중학교,715,0.7867812672,0.4321,,,,0.941985,0.437527,0.3487,0.9021842355
대구광역시,동구,청구고등학교,715,0.7816680424,0.4321,,,,0.956099,0.395352,0.3499,0.6116852985
대구광역시,동구,영신초등학교,712,0.82390194,0.4321,,,,0.959817,1,0.3499,0
대구광역시,달서구,경북기계공업고등학교,711,0.7403839559,0.4321,,,,0.973726,0.366498,0.3515,0
대구광역시,수성구,정화여자고등학교,710,0.8059185387,0.4693,기타 개인 서비스업,"미용, 욕탕 및 유사 서비스업",기타 전문 서비스업,0.977794,0.421177,0.3313,0.6116852985
대구광역시,달서구,송현여자고등학교,710,0.7822696342,0.4321,,,,0.973726,0.502767,0.3515,0.1883910387
대구광역시,달서구,대건고등학교,710,0.7412860751,0.4321,,,,0.971848,0.391538,0.3515,0
대구광역시,중구,경북공업고등학교,709,0.7092858709,0.2302,무점포 소매업,스포츠 및 오락관련 서비스업,소매업; 자동차 제외,0.97543,0.027906,0.3322,0
대구광역시,수성구,대구고산초등학교,708,0.9193229291,0.4693,기타 개인 서비스업,"미용, 욕탕 및 유사 서비스업",기타 전문 서비스업,0.96743,1,0.3313,1.271186441
대구광역시,중구,경북여자고등학교,708,0.7409304121,0.2302,무점포 소매업,스포츠 및 오락관련 서비스업,소매업; 자동차 제외,0.95377,0.417208,0.3322,0.6116852985
대구광역시,달서구,성서중학교,706,0.793526902,0.4321,,,,0.972781,0.309171,0.3515,0.8227848101
대구광역시,남구,대구봉덕초등학교,700,0.9754329285,0.5969,보건업,"섬유, 의복, 신발 및 가죽제품 소매업",제조업 및 기타,0.920002,1,0.3552,2.571428571
대구광역시,북구,대구옥산초등학교,697,0.8218277286,0.4321,,,,0.956327,1,0.3493,-1.004304161
대구광역시,북구,대구강북초등학교,692,0.8838547451,0.4321,,,,0.960084,1,0.3493,0.7225433526
대구광역시,서구,대구과학기술고등학교,691,0.6716889173,0.4321,,,,0.892287,0.023843,0.3622,0
대구광역시,중구,대구수창초등학교,690,1.015950508,0.2302,무점포 소매업,스포츠 및 오락관련 서비스업,소매업; 자동차 제외,0.965716,1,0.3322,30.43478261
대구광역시,서구,대구비봉초등학교,69,1.424767156,0.4321,,,,0.85747,1,0.3622,-2.813852814
대구광역시,북구,운암고등학교,689,0.7870753482,0.4321,,,,0.965848,0.400469,0.3493,0.6116852985
대구광역시,북구,매천고등학교,689,0.7715944569,0.4321,,,,0.947464,0.372316,0.3493,0.6116852985
대구광역시,서구,대구달서초등학교,686,0.7941648359,0.4321,,,,0.906695,1,0.3622,-3.206997085
대구광역시,달서구,성지중학교,683,0.8097095868,0.4321,,,,0.971773,0.501344,0.3515,0.8227848101
대구광역시,달성군,대원고등학교,675,0.8392075906,0.4321,,,,0.954984,0.944176,0.3487,0.1883910387
대구광역시,달서구,대구한실초등학교,669,0.8257326261,0.4321,,,,0.962764,1,0.3515,0
대구광역시,서구,대구제일고등학교,668,0.7680032026,0.4321,,,,0.912447,0.694998,0.3622,0.1883910387
대구광역시,수성구,대구노변초등학교,665,0.8328984709,0.4693,기타 개인 서비스업,"미용, 욕탕 및 유사 서비스업",기타 전문 서비스업,0.971651,1,0.3313,-2.857142857
대구광역시,달성군,대구죽곡초등학교,662,0.8139789292,0.4321,,,,0.94288,1,0.3487,-1.812688822
대구광역시,달서구,대진고등학교,661,0.7733424191,0.4321,,,,0.954563,0.550648,0.3515,0.1883910387
대구광역시,북구,성화중학교,660,0.787917735,0.4321,,,,0.968708,0.435586,0.3493,0.5465547531
대구광역시,달서구,효성중학교,655,0.7319269332,0.4321,,,,0.972708,0.256041,0.3515,-0.4607307404
대구광역시,수성구,고산중학교,645,0.755088147,0.4693,기타 개인 서비스업,"미용, 욕탕 및 유사 서비스업",기타 전문 서비스업,0.97347,0.498011,0.3313,-0.21595357
대구광역시,수성구,대구중앙고등학교,642,0.7555557574,0.4693,기타 개인 서비스업,"미용, 욕탕 및 유사 서비스업",기타 전문 서비스업,0.978633,0.471187,0.3313,0
대구광역시,남구,경상공업고등학교,642,0.723004972,0.5969,보건업,"섬유, 의복, 신발 및 가죽제품 소매업",제조업 및 기타,0.93983,0.064181,0.3552,0
대구광역시,달성군,대구왕선초등학교,638,0.8514740552,0.4321,,,,0.945522,1,0.3487,0.3134796238
대구광역시,북구,경상고등학교,637,0.8127656389,0.4321,,,,0.969718,0.622689,0.3493,0.6116852985
대구광역시,달서구,대건중학교,635,0.7332061453,0.4321,,,,0.972676,0.277469,0.3515,-0.4607307404
대구광역시,동구,영신중학교,631,0.7573901619,0.4321,,,,0.961569,0.493221,0.3499,0.0488997555
대구광역시,북구,매천중학교,631,0.7311728131,0.4321,,,,0.960209,0.364633,0.3493,-0.8176918788
대구광역시,북구,대구신암초등학교,628,0.8215897768,0.4321,,,,0.955918,1,0.3493,-5.095541401
대구광역시,남구,대구고등학교,628,0.7689192694,0.5969,보건업,"섬유, 의복, 신발 및 가죽제품 소매업",제조업 및 기타,0.913244,0.504737,0.3552,0.1883910387
대구광역시,수성구,대구범일초등학교,624,0.8930253087,0.4693,기타 개인 서비스업,"미용, 욕탕 및 유사 서비스업",기타 전문 서비스업,0.978603,1,0.3313,0.641025641
대구광역시,달서구,효성여자고등학교,624,0.7647189287,0.4321,,,,0.971589,0.378378,0.3515,0.1883910387
대구광역시,달성군,대구서재초등학교,621,0.8153440365,0.4321,,,,0.945236,1,0.3487,-2.576489533
대구광역시,북구,함지고등학교,621,0.7859819235,0.4321,,,,0.955762,0.499942,0.3493,0.6116852985
대구광역시,달서구,대구반도체마이스터고등학교,620,0.7784125924,0.4321,,,,0.973726,0.693446,0.3515,0
대구광역시,동구,대구율금초등학교,615,0.4325178243,,,,,,1,0.3499,-8.130081301
대구광역시,수성구,덕원중학교,613,0.7609158403,0.4693,기타 개인 서비스업,"미용, 욕탕 및 유사 서비스업",기타 전문 서비스업,0.978584,0.520649,0.3313,-0.21595357
대구광역시,북구,경상여자고등학교,612,0.8732574604,0.4321,,,,0.967539,0.980826,0.3493,0.6116852985
대구광역시,달서구,도원중학교,610,0.731182733,0.4321,,,,0.966075,0.312416,0.3515,-0.4607307404
대구광역시,달서구,상인고등학교,609,0.7612220046,0.4321,,,,0.964968,0.395888,0.3515,0.1883910387
대구광역시,달서구,성서고등학교,607,0.779883376,0.4321,,,,0.966037,0.559523,0.3515,0.1883910387
대구광역시,동구,대구숙천초등학교,606,0.8223346051,0.4321,,,,0.957125,1,0.3499,-4.620462046
대구광역시,수성구,능인중학교,606,0.7621938399,0.4693,기타 개인 서비스업,"미용, 욕탕 및 유사 서비스업",기타 전문 서비스업,0.977471,0.537853,0.3313,-0.21595357
대구광역시,동구,정동고등학교,605,0.809455567,0.4321,,,,0.95932,0.6628,0.3499,0.6116852985
대구광역시,달성군,심인고등학교,604,0.810274016,0.4321,,,,0.950453,0.823257,0.3487,0.1883910387
대구광역시,달성군,구지중학교,602,0.7196088982,0.4321,,,,0.949327,0.308309,0.3487,-1.661129568
대구광역시,수성구,수성고등학교,601,0.7923074953,0.4693,기타 개인 서비스업,"미용, 욕탕 및 유사 서비스업",기타 전문 서비스업,0.974125,0.395422,0.3313,0.6116852985
대구광역시,북구,대구삼영초등학교,596,0.8234372364,0.4321,,,,0.959092,1,0.3493,0
대구광역시,수성구,경신고등학교,596,0.7930787326,0.4693,기타 개인 서비스업,"미용, 욕탕 및 유사 서비스업",기타 전문 서비스업,0.978553,0.374444,0.3313,0.6116852985
대구광역시,북구,대구학남초등학교,594,0.8230895957,0.4321,,,,0.958495,1,0.3493,-3.198653199
대구광역시,서구,대구서부고등학교,591,0.7365881735,0.4321,,,,0.896265,0.57516,0.3622,0.1883910387
대구광역시,수성구,대구욱수초등학교,588,1.06591996,0.4693,기타 개인 서비스업,"미용, 욕탕 및 유사 서비스업",기타 전문 서비스업,0.971735,1,0.3313,12.58503401
대구광역시,북구,경명여자고등학교,581,0.782898217,0.4321,,,,0.966276,0.432973,0.3493,0.6116852985
대구광역시,달서구,호산고등학교,579,0.7555372948,0.4321,,,,0.964514,0.347654,0.3515,0.1883910387
대구광역시,북구,경명여자중학교,573,0.7721714668,0.4321,,,,0.968555,0.3282,0.3493,0.5465547531
대구광역시,북구,대구동변초등학교,571,0.8248663792,0.4321,,,,0.961545,1,0.3493,-2.802101576
대구광역시,동구,대구안일초등학교,571,0.8207803206,0.4321,,,,0.954453,1,0.3499,-4.553415061
대구광역시,달성군,서재중학교,571,0.7443070036,0.4321,,,,0.945463,0.577888,0.3487,-1.320901321
대구광역시,북구,대구도남초등학교,570,0.8248582193,0.4321,,,,0.961531,1,0.3493,-2.807017544
대구광역시,북구,구암중학교,567,0.7360597673,0.4321,,,,0.959136,0.426799,0.3493,-0.8176918788
대구광역시,달서구,대구월배초등학교,560,0.9305527514,0.4321,,,,0.954083,1,0.3515,3.75
대구광역시,수성구,오성고등학교,560,0.8142598636,0.4693,기타 개인 서비스업,"미용, 욕탕 및 유사 서비스업",기타 전문 서비스업,0.9761,0.600595,0.3313,0.6116852985
대구광역시,북구,대구체육중학교,56,1.436807643,0.4321,,,,0.969718,0.594615,0.3493,0
대구광역시,남구,대구고등학교부설방송통신고등학교,558,0.7772698368,0.5969,보건업,"섬유, 의복, 신발 및 가죽제품 소매업",제조업 및 기타,0.941907,0.693446,0.3552,0
대구광역시,달서구,학산중학교,558,0.7233239231,0.4321,,,,0.959389,0.260078,0.3515,-0.4607307404
대구광역시,남구,경일여자중학교,553,0.8162162738,0.5969,보건업,"섬유, 의복, 신발 및 가죽제품 소매업",제조업 및 기타,0.939496,0.392318,0.3552,1.19760479
대구광역시,달서구,도원고등학교,553,0.7758854202,0.4321,,,,0.970712,0.519584,0.3515,0.1883910387
대구광역시,동구,대구관광고등학교,552,0.7175552673,0.4321,,,,0.962626,0.01505,0.3499,0
대구광역시,중구,신명고등학교,550,0.7489433598,0.2302,무점포 소매업,스포츠 및 오락관련 서비스업,소매업; 자동차 제외,0.976098,0.49051,0.3322,0.1883910387
대구광역시,동구,청구중학교,547,0.746288649,0.4321,,,,0.958969,0.419598,0.3499,0.0488997555
대구광역시,달서구,성산고등학교,541,0.7676918524,0.4321,,,,0.968796,0.462284,0.3515,0.1883910387
대구광역시,북구,성광고등학교,540,0.8215670023,0.4321,,,,0.969718,0.727055,0.3493,0.6116852985
대구광역시,서구,중리중학교,539,0.728961496,0.4321,,,,0.900599,0.228126,0.3622,0.9982638889
대구광역시,달서구,대구조암초등학교,538,0.8967915469,0.4321,,,,0.969389,1,0.3515,1.486988848
대구광역시,남구,협성경복중학교,538,0.815849365,0.5969,보건업,"섬유, 의복, 신발 및 가죽제품 소매업",제조업 및 기타,0.938189,0.418379,0.3552,1.19760479
대구광역시,달서구,대구제일여자상업고등학교,537,0.7254243637,0.4321,,,,0.973726,0.052473,0.3515,0
대구광역시,서구,대구달성초등학교,536,1.109237349,0.4321,,,,0.899272,1,0.3622,37.31343284
대구광역시,북구,대구학정초등학교,536,0.8267313215,0.4321,,,,0.964743,1,0.3493,-3.358208955
대구광역시,중구,경북대학교사범대학부설중학교,528,0.7156136347,0.2302,무점포 소매업,스포츠 및 오락관련 서비스업,소매업; 자동차 제외,0.97731,0.209437,0.3322,0
대구광역시,북구,영진고등학교,526,0.7833070153,0.4321,,,,0.964648,0.483516,0.3493,0.6116852985
대구광역시,달성군,달성중학교,526,0.7406823151,0.4321,,,,0.940128,0.390709,0.3487,0.1910219675
대구광역시,동구,대구신성초등학교,525,0.9725367617,0.4321,,,,0.953737,1,0.3499,8.19047619
대구광역시,달서구,대곡중학교,524,0.7343752503,0.4321,,,,0.963547,0.374581,0.3515,-0.4607307404
대구광역시,북구,영송여자고등학교,523,0.7765339725,0.4321,,,,0.969718,0.385699,0.3493,0.6116852985
대구광역시,달성군,대구동곡초등학교,52,1.445069655,0.4321,,,,0.853407,1,0.3487,-0.4480286738
대구광역시,달서구,효성초등학교,513,0.8321347677,0.4321,,,,0.973726,1,0.3515,0
대구광역시,북구,대구운암초등학교,513,0.8228142113,0.4321,,,,0.958022,1,0.3493,-0.3898635478
대구광역시,달성군,대구구지초등학교,512,0.8098770748,0.4321,,,,0.935789,1,0.3487,-5.6640625
대구광역시,중구,경북대학교사범대학부설초등학교,510,0.8194259564,0.2302,무점포 소매업,스포츠 및 오락관련 서비스업,소매업; 자동차 제외,0.97731,1,0.3322,0
대구광역시,수성구,대구신매초등학교,508,0.8329836341,0.4693,기타 개인 서비스업,"미용, 욕탕 및 유사 서비스업",기타 전문 서비스업,0.971797,1,0.3313,-1.771653543
대구광역시,달서구,성당중학교,508,0.75502003,0.4321,,,,0.960602,0.273181,0.3515,0.4379562044
대구광역시,수성구,대구동일초등학교,507,0.8306751828,0.4693,기타 개인 서비스업,"미용, 욕탕 및 유사 서비스업",기타 전문 서비스업,0.967837,1,0.3313,-2.366863905
대구광역시,수성구,대구매호초등학교,502,0.8321543428,0.4693,기타 개인 서비스업,"미용, 욕탕 및 유사 서비스업",기타 전문 서비스업,0.970375,1,0.3313,-2.390438247
대구광역시,달서구,원화중학교,499,0.7645621122,0.4321,,,,0.97239,0.301735,0.3515,0.4379562044
대구광역시,달서구,와룡고등학교,499,0.7363185109,0.4321,,,,0.941661,0.339593,0.3515,0.1883910387
대구광역시,달성군,심인중학교,497,0.7695155456,0.4321,,,,0.950606,0.391305,0.3487,0.9021842355
대구광역시,남구,경북여자상업고등학교,495,0.7231771662,0.5969,보건업,"섬유, 의복, 신발 및 가죽제품 소매업",제조업 및 기타,0.94056,0.038669,0.3552,0
대구광역시,남구,협성고등학교,494,0.8064804482,0.5969,보건업,"섬유, 의복, 신발 및 가죽제품 소매업",제조업 및 기타,0.941907,0.698543,0.3552,0.1883910387
대구광역시,중구,계성중학교,491,0.8794231322,0.2302,무점포 소매업,스포츠 및 오락관련 서비스업,소매업; 자동차 제외,0.974595,1,0.3322,5.443037975
대구광역시,달서구,경화여자고등학교,490,0.7656230286,0.4321,,,,0.972365,0.438932,0.3515,0.1883910387
대구광역시,남구,대구대명초등학교,488,0.8259317276,0.5969,보건업,"섬유, 의복, 신발 및 가죽제품 소매업",제조업 및 기타,0.926879,1,0.3552,-5.532786885
대구광역시,달성군,다사고등학교,483,0.7466994295,0.4321,,,,0.926986,0.453615,0.3487,0.1883910387
대구광역시,북구,사수중학교,481,0.7366398202,0.4321,,,,0.95863,0.271677,0.3493,0
대구광역시,달서구,대구장기초등학교,480,0.8387811958,0.4321,,,,0.956364,1,0.3515,-3.125
대구광역시,북구,대구칠곡초등학교,477,0.8407798962,0.4321,,,,0.951549,1,0.3493,-3.338391502
대구광역시,남구,대명고등학교,477,0.7978912814,0.5969,보건업,"섬유, 의복, 신발 및 가죽제품 소매업",제조업 및 기타,0.941907,0.693446,0.3552,0
대구광역시,수성구,범물중학교,477,0.7634974399,0.4693,기타 개인 서비스업,"미용, 욕탕 및 유사 서비스업",기타 전문 서비스업,0.975479,0.366657,0.3313,-0.21595357
대구광역시,달성군,현풍고등학교,473,0.7520452966,0.4321,,,,0.955971,0.34603,0.3487,0
대구광역시,중구,성명여자중학교,471,0.8090913446,0.2302,무점포 소매업,스포츠 및 오락관련 서비스업,소매업; 자동차 제외,0.97731,0.391278,0.3322,5.443037975
대구광역시,달성군,포산고등학교,470,0.8589535727,0.4321,,,,0.955971,0.919599,0.3487,0.1883910387
대구광역시,남구,경일여자고등학교,470,0.8419428345,0.5969,보건업,"섬유, 의복, 신발 및 가죽제품 소매업",제조업 및 기타,0.940488,0.735035,0.3552,0.1883910387
대구광역시,서구,평리중학교,470,0.7658202386,0.4321,,,,0.897002,0.427593,0.3622,0.9982638889
대구광역시,달서구,대구하이텍고등학교,470,0.7519830062,0.4321,,,,0.96947,0.045848,0.3515,0
대구광역시,남구,대구대봉초등학교,469,0.8329474366,0.5969,보건업,"섬유, 의복, 신발 및 가죽제품 소매업",제조업 및 기타,0.924849,0.650208,0.3552,0.4264392324
대구광역시,북구,대구태암초등학교,463,0.8656099348,0.4321,,,,0.953879,1,0.3493,-1.51187905
대구광역시,달성군,대구매곡초등학교,463,0.8619942478,0.4321,,,,0.948052,1,0.3487,-1.079913607
대구광역시,동구,안심중학교,463,0.7732486384,0.4321,,,,0.949667,0.363274,0.3499,0.0488997555
대구광역시,동구,대구동촌초등학교,462,0.8647249162,0.4321,,,,0.949638,1,0.3499,-1.515151515
대구광역시,달성군,경서중학교,460,0.7839782451,0.4321,,,,0.945826,0.251053,0.3487,0.4347826087
대구광역시,달성군,대구반송초등학교,46,1.455601612,0.4321,,,,0.854522,1,0.3487,-0.2120890774
대구광역시,달서구,대구대서초등학교,457,0.8809020766,0.4321,,,,0.962055,1,0.3515,-5.90809628
대구광역시,남구,대구남도초등학교,455,0.9296569448,0.5969,보건업,"섬유, 의복, 신발 및 가죽제품 소매업",제조업 및 기타,0.921394,1,0.3552,0.6593406593
대구광역시,달서구,대구송일초등학교,453,0.8875748131,0.4321,,,,0.961952,1,0.3515,-0.8830022075
대구광역시,달서구,대구상인초등학교,453,0.8811290375,0.4321,,,,0.951651,1,0.3515,-1.099764336
대구광역시,수성구,대구들안길초등학교,452,1.026946905,0.4693,기타 개인 서비스업,"미용, 욕탕 및 유사 서비스업",기타 전문 서비스업,0.964922,1,0.3313,7.079646018
대구광역시,달서구,대구월촌초등학교,452,0.8855410832,0.4321,,,,0.956026,1,0.3515,-1.099764336
대구광역시,수성구,매호중학교,451,0.8026732419,0.4693,기타 개인 서비스업,"미용, 욕탕 및 유사 서비스업",기타 전문 서비스업,0.966368,0.430259,0.3313,-0.21595357
대구광역시,동구,조일고등학교,449,0.7764877069,0.4321,,,,0.961141,0,0.3499,0
대구광역시,달서구,대구내당초등학교,445,0.8999606,0.4321,,,,0.960242,1,0.3515,-4.719101124
대구광역시,달서구,용산중학교,443,0.8291968509,0.4321,,,,0.961686,0.242942,0.3515,0.8227848101
대구광역시,동구,신기중학교,442,0.7841322867,0.4321,,,,0.946034,0.00049,0.3499,0.0488997555
대구광역시,남구,대구영화학교,44,1.484744015,0.5969,보건업,"섬유, 의복, 신발 및 가죽제품 소매업",제조업 및 기타,0.941907,0.693446,0.3552,0
대구광역시,서구,대구인지초등학교,439,0.8699078171,0.4321,,,,0.8957,1,0.3622,-1.138952164
대구광역시,북구,운암중학교,439,0.8240663782,0.4321,,,,0.954532,0.548087,0.3493,-0.8176918788
대구광역시,수성구,동원중학교,437,0.8090049225,0.4693,기타 개인 서비스업,"미용, 욕탕 및 유사 서비스업",기타 전문 서비스업,0.967467,0.244504,0.3313,-0.21595357
대구광역시,동구,대구해서초등학교,433,0.9095832964,0.4321,,,,0.94415,1,0.3499,-5.542725173
대구광역시,달서구,와룡중학교,431,0.8328589234,0.4321,,,,0.948204,0.199278,0.3515,0.8227848101
대구광역시,달성군,대구화원초등학교,428,0.9112940134,0.4321,,,,0.934164,1,0.3487,-1.168224299
대구광역시,달서구,대구장산초등학교,428,0.8722191234,0.4321,,,,0.959707,0.723482,0.3515,-4.684975767
대구광역시,달서구,대구진천초등학교,426,0.9248399877,0.4321,,,,0.949469,1,0.3515,-1.408450704
대구광역시,서구,경덕여자고등학교,424,0.8185455228,0.4321,,,,0.913869,0.421409,0.3622,0.1883910387
대구광역시,동구,대구용호초등학교,420,0.9796505708,0.4321,,,,0.962626,1,0.3499,0.7142857143
대구광역시,달서구,성산중학교,419,0.8576282503,0.4321,,,,0.95145,0.284383,0.3515,0.8227848101
대구광역시,동구,대구동부초등학교,415,1.008337403,0.4321,,,,0.949774,1,0.3499,2.409638554
대구광역시,달성군,달서고등학교,411,0.8702839419,0.4321,,,,0.955971,0.56581,0.3487,0
대구광역시,남구,대구광명학교,41,1.48950281,0.5969,보건업,"섬유, 의복, 신발 및 가죽제품 소매업",제조업 및 기타,0.941907,0.693446,0.3552,0
대구광역시,북구,대구문성초등학교,409,0.9568138972,0.4321,,,,0.955048,1,0.3493,-1.711491443
대구광역시,달서구,대구와룡초등학교,409,0.9519870502,0.4321,,,,0.947646,1,0.3515,-4.155124654
대구광역시,서구,경운중학교,407,0.8587375316,0.4321,,,,0.910527,0.411856,0.3622,0.9982638889
대구광역시,수성구,대구동원초등학교,406,1.054405791,0.4693,기타 개인 서비스업,"미용, 욕탕 및 유사 서비스업",기타 전문 서비스업,0.977208,1,0.3313,2.709359606
대구광역시,서구,대구경운초등학교,405,0.9212800892,0.4321,,,,0.89075,1,0.3622,-3.950617284
대구광역시,중구,대구삼덕초등학교,400,0.9546891253,0.2302,무점포 소매업,스포츠 및 오락관련 서비스업,소매업; 자동차 제외,0.955644,1,0.3322,-1.5
대구광역시,중구,대구초등학교,399,0.9880840886,0.2302,무점포 소매업,스포츠 및 오락관련 서비스업,소매업; 자동차 제외,0.955589,1,0.3322,2.255639098
대구광역시,달서구,대구교육대학교대구부설초등학교,398,0.9883723159,0.4321,,,,0.973726,1,0.3515,0
대구광역시,달서구,대구대진초등학교,398,0.9767635247,0.4321,,,,0.956975,1,0.3515,-1.507537688
대구광역시,동구,대구팔공중학교,398,0.8651781385,0.4321,,,,0.9576,0.256782,0.3499,0.0488997555
대구광역시,북구,복현중학교,396,0.8879305828,0.4321,,,,0.95625,0.291761,0.3493,0.5465547531
대구광역시,북구,관천중학교,395,0.8729338626,0.4321,,,,0.956216,0.394888,0.3493,-0.8176918788
대구광역시,수성구,노변중학교,394,0.8893533906,0.4693,기타 개인 서비스업,"미용, 욕탕 및 유사 서비스업",기타 전문 서비스업,0.969519,0.410187,0.3313,-0.21595357
대구광역시,달서구,대구용산초등학교,393,1.077098405,0.4321,,,,0.94828,1,0.3515,6.106870229
대구광역시,달성군,대구용계초등학교,391,1.064635179,0.4321,,,,0.942331,1,0.3487,4.859335038
대구광역시,동구,대구팔공초등학교,391,0.9792283386,0.4321,,,,0.94387,1,0.3499,0
대구광역시,군위군,대구부계초등학교,39,1.38177293,0.4321,,,,0.88137,0.693446,0.329,-2.564102564
대구광역시,달성군,대구화남초등학교,388,1.067985165,0.4321,,,,0.94738,1,0.3487,4.332129964
대구광역시,북구,칠성고등학교,384,0.9047991357,0.4321,,,,0.934996,0.441853,0.3493,0.6116852985
대구광역시,동구,대구효목초등학교,380,0.9996212093,0.4321,,,,0.946836,1,0.3499,-2.105263158
대구광역시,달서구,대구노전초등학교,379,1.010563016,0.4321,,,,0.959653,1,0.3515,-3.430079156
대구광역시,달서구,대구대곡초등학교,374,1.027840158,0.4321,,,,0.971943,1,0.3515,-2.673796791
대구광역시,달서구,새본리중학교,370,0.9404272773,0.4321,,,,0.961113,0.426736,0.3515,0.4379562044
대구광역시,달서구,대서중학교,369,0.9065593177,0.4321,,,,0.959272,0.317091,0.3515,-0.4607307404
대구광역시,북구,대구국우초등학교,367,1.027292909,0.4321,,,,0.955186,1,0.3493,0
대구광역시,달서구,대구성산초등학교,366,1.025422815,0.4321,,,,0.950046,1,0.3515,-5.191256831
대구광역시,북구,북대구초등학교,365,1.023930641,0.4321,,,,0.945974,1,0.3493,-2.465753425
대구광역시,북구,대구서변초등학교,363,1.031191028,0.4321,,,,0.951353,1,0.3493,-4.132231405
대구광역시,남구,대구효명초등학교,362,1.045529472,0.5969,보건업,"섬유, 의복, 신발 및 가죽제품 소매업",제조업 및 기타,0.938223,1,0.3552,-1.38121547
대구광역시,달서구,상서중학교,362,0.9426530833,0.4321,,,,0.971884,0.236568,0.3515,0.4379562044
대구광역시,달서구,대구학산초등학교,361,1.080050007,0.4321,,,,0.944178,1,0.3515,1.939058172
대구광역시,동구,대구동호초등학교,360,1.032298497,0.4321,,,,0.945959,1,0.3499,-7.222222222
대구광역시,달성군,달서중학교,36,1.402038223,0.4321,,,,0.891157,0.697826,0.3487,-2.777777778
대구광역시,수성구,지산중학교,359,0.9385112001,0.4693,기타 개인 서비스업,"미용, 욕탕 및 유사 서비스업",기타 전문 서비스업,0.970386,0.367938,0.3313,-0.21595357
대구광역시,달서구,월배중학교,357,0.9120046789,0.4321,,,,0.956919,0.172719,0.3515,-0.4607307404
대구광역시,수성구,대구중앙중학교,353,0.9644192848,0.4693,기타 개인 서비스업,"미용, 욕탕 및 유사 서비스업",기타 전문 서비스업,0.977783,0.458407,0.3313,-0.21595357
대구광역시,남구,경상중학교,352,0.9537060796,0.5969,보건업,"섬유, 의복, 신발 및 가죽제품 소매업",제조업 및 기타,0.898346,0.320589,0.3552,1.19760479
대구광역시,북구,대구매천초등학교,351,1.053611493,0.4321,,,,0.954523,1,0.3493,-2.849002849
대구광역시,달서구,대구죽전초등학교,349,1.18425879,0.4321,,,,0.954623,1,0.3515,12.89398281
대구광역시,북구,대구스마트고등학교,348,1.000547944,0.4321,,,,0.969718,0.693446,0.3493,0
대구광역시,수성구,덕화중학교,345,0.9288358684,0.4693,기타 개인 서비스업,"미용, 욕탕 및 유사 서비스업",기타 전문 서비스업,0.950686,0.202186,0.3313,-0.21595357
대구광역시,수성구,대구파동초등학교,343,1.159363858,0.4693,기타 개인 서비스업,"미용, 욕탕 및 유사 서비스업",기타 전문 서비스업,0.964122,1,0.3313,4.664723032
대구광역시,북구,칠곡중학교,341,0.9440711476,0.4321,,,,0.957988,0.28732,0.3493,-0.8176918788
대구광역시,달서구,대구성지초등학교,340,1.079389834,0.4321,,,,0.963922,1,0.3515,-4.117647059
대구광역시,달서구,대구덕인초등학교,335,1.233266439,0.4321,,,,0.947855,1,0.3515,21.79104478
대구광역시,북구,대구함지초등학교,334,1.006153632,0.4321,,,,0.965726,0.622957,0.3493,0
대구광역시,달서구,대구이곡초등학교,333,1.097211416,0.4321,,,,0.971724,1,0.3515,-3.003003003
대구광역시,북구,대구성북초등학교,332,1.08322635,0.4321,,,,0.951646,1,0.3493,-3.915662651
대구광역시,달성군,대구테크노초등학교,332,1.014473117,0.4321,,,,0.955971,0.693446,0.3487,0
대구광역시,달서구,대구성남초등학교,328,1.096197839,0.4321,,,,0.959498,1,0.3515,-1.524390244
대구광역시,중구,대구동덕초등학교,326,1.186474485,0.2302,무점포 소매업,스포츠 및 오락관련 서비스업,소매업; 자동차 제외,0.97322,1,0.3322,30.06134969
대구광역시,달서구,대구대남초등학교,322,1.095579104,0.4321,,,,0.945775,1,0.3515,-7.142857143
대구광역시,중구,경구중학교,320,1.005502163,0.2302,무점포 소매업,스포츠 및 오락관련 서비스업,소매업; 자동차 제외,0.973144,0.328942,0.3322,5.443037975
대구광역시,북구,동변중학교,319,1.001785554,0.4321,,,,0.963448,0.277831,0.3493,0.5465547531
대구광역시,수성구,대구농업마이스터고등학교,317,0.9696376816,0.4693,기타 개인 서비스업,"미용, 욕탕 및 유사 서비스업",기타 전문 서비스업,0.954435,0.1359,0.3313,0
대구광역시,달서구,대구도원초등학교,315,1.119263251,0.4321,,,,0.961027,1,0.3515,-1.587301587
대구광역시,달서구,대구용전초등학교,313,1.124255076,0.4321,,,,0.963076,1,0.3515,-2.236421725
대구광역시,달서구,대구신흥초등학교,313,1.027108121,0.4321,,,,0.967336,0.546415,0.3515,-1.916932907
대구광역시,북구,대구태현초등학교,312,1.120821391,0.4321,,,,0.956897,1,0.3493,-1.923076923
대구광역시,남구,경상중학교부설방송통신중학교,310,1.062797532,0.5969,보건업,"섬유, 의복, 신발 및 가죽제품 소매업",제조업 및 기타,0.941907,0.693446,0.3552,0
대구광역시,달서구,대구남송초등학교,307,1.260512925,0.4321,,,,0.962868,1,0.3515,16.28664495
대구광역시,동구,대구방촌초등학교,305,1.121473965,0.4321,,,,0.942953,1,0.3499,-4.262295082
대구광역시,북구,대구국제고등학교,305,1.084861167,0.4321,,,,0.969718,0.769045,0.3493,0
대구광역시,수성구,대구매동초등학교,303,1.155454529,0.4693,기타 개인 서비스업,"미용, 욕탕 및 유사 서비스업",기타 전문 서비스업,0.977471,1,0.3313,-1.98019802
대구광역시,북구,대구구암초등학교,302,1.11955342,0.4321,,,,0.934398,1,0.3493,-2.98013245
대구광역시,남구,대구중학교,301,1.063321246,0.5969,보건업,"섬유, 의복, 신발 및 가죽제품 소매업",제조업 및 기타,0.904254,0.57228,0.3552,1.19760479
대구광역시,동구,대구일마이스터고등학교,301,1.019697246,0.4321,,,,0.962626,0.39986,0.3499,0
대구광역시,중구,대구명덕초등학교,300,1.15948186,0.2302,무점포 소매업,스포츠 및 오락관련 서비스업,소매업; 자동차 제외,0.963977,1,0.3322,4.333333333
대구광역시,중구,대구제일중학교,298,1.009254969,0.2302,무점포 소매업,스포츠 및 오락관련 서비스업,소매업; 자동차 제외,0.963888,0.082059,0.3322,5.443037975
대구광역시,수성구,대구동산초등학교,297,1.156533012,0.4693,기타 개인 서비스업,"미용, 욕탕 및 유사 서비스업",기타 전문 서비스업,0.966203,1,0.3313,-2.356902357
대구광역시,수성구,대구청림초등학교,294,1.155962444,0.4693,기타 개인 서비스업,"미용, 욕탕 및 유사 서비스업",기타 전문 서비스업,0.959263,1,0.3313,-5.102040816
대구광역시,달서구,대구외국어고등학교,294,1.076529415,0.4321,,,,0.973726,0.626906,0.3515,0
대구광역시,달서구,대구남부초등학교,293,0.9979169125,0.4321,,,,0.948697,0.1711,0.3515,0
대구광역시,남구,대구영선초등학교,291,1.219643097,0.5969,보건업,"섬유, 의복, 신발 및 가죽제품 소매업",제조업 및 기타,0.921288,1,0.3552,2.749140893
대구광역시,달성군,대구도림초등학교,291,1.028889433,0.4321,,,,0.942226,0.490737,0.3487,-2.405498282
대구광역시,달서구,대구호산초등학교,290,1.156675276,0.4321,,,,0.955335,1,0.3515,-7.24137931
대구광역시,달성군,대구화동초등학교,290,1.14564276,0.4321,,,,0.942178,1,0.3487,-4.482758621
대구광역시,북구,서변중학교,288,1.05084641,0.4321,,,,0.962774,0.335047,0.3493,0.5465547531
대구광역시,달서구,대구성곡초등학교,287,1.163456728,0.4321,,,,0.957465,1,0.3515,-3.135888502
대구광역시,달서구,대구진월초등학교,287,1.161546395,0.4321,,,,0.955143,1,0.3515,-8.362369338
대구광역시,동구,대구불로초등학교,286,1.155794899,0.4321,,,,0.946308,1,0.3499,-3.146853147
대구광역시,북구,관음중학교,284,1.04364935,0.4321,,,,0.955633,0.436748,0.3493,-0.8176918788
대구광역시,수성구,대구복명초등학교,283,1.191418559,0.4693,기타 개인 서비스업,"미용, 욕탕 및 유사 서비스업",기타 전문 서비스업,0.979671,1,0.3313,-3.833333333
대구광역시,북구,대구대천초등학교,281,1.173631806,0.4321,,,,0.957856,1,0.3493,-4.982206406
대구광역시,수성구,대구과학고등학교,280,1.194558991,0.4693,기타 개인 서비스업,"미용, 욕탕 및 유사 서비스업",기타 전문 서비스업,0.977291,1,0.3313,0
대구광역시,북구,대구산격초등학교,280,1.169342109,0.4321,,,,0.95067,1,0.3493,-3.214285714
대구광역시,군위군,대구부계초등학교효령캠퍼스,28,1.397925429,0.4321,,,,0.88137,0.693446,0.329,0
대구광역시,남구,대명중학교,279,1.055053791,0.5969,보건업,"섬유, 의복, 신발 및 가죽제품 소매업",제조업 및 기타,0.913233,0.231672,0.3552,1.19760479
대구광역시,달성군,화원중학교,278,1.041174124,0.4321,,,,0.937986,0.394799,0.3487,0.1910219675
대구광역시,수성구,대구만촌초등학교,276,1.273842942,0.4693,기타 개인 서비스업,"미용, 욕탕 및 유사 서비스업",기타 전문 서비스업,0.972425,1,0.3313,6.15942029
대구광역시,북구,대구관남초등학교,274,1.187172073,0.4321,,,,0.959986,1,0.3493,-5.839416058
대구광역시,서구,대구비산초등학교,272,1.138547643,0.4321,,,,0.895834,1,0.3622,-2.813852814
대구광역시,달서구,대구송현초등학교,271,1.192618454,0.4321,,,,0.960195,1,0.3515,-5.166051661
대구광역시,달성군,대구현풍초등학교,271,1.172262226,0.4321,,,,0.936291,1,0.3487,-1.367890569
대구광역시,달서구,대구성서초등학교,270,1.195300901,0.4321,,,,0.96138,1,0.3515,-3.333333333
대구광역시,서구,대구서부초등학교,270,1.139611133,0.4321,,,,0.893219,1,0.3622,-1.851851852
대구광역시,서구,서대구중학교,269,1.014027193,0.4321,,,,0.893137,0.299512,0.3622,0.9982638889
대구광역시,수성구,대구두산초등학교,268,1.204406724,0.4693,기타 개인 서비스업,"미용, 욕탕 및 유사 서비스업",기타 전문 서비스업,0.964746,1,0.3313,-1.492537313
대구광역시,서구,대구서도초등학교,265,1.157736448,0.4321,,,,0.905379,1,0.3622,-3.773584906
대구광역시,달서구,대구감천초등학교,264,1.196577551,0.4321,,,,0.950998,1,0.3515,-2.651515152
대구광역시,달서구,대구상원초등학교,262,1.201938134,0.4321,,,,0.953369,1,0.3515,-1.099764336
대구광역시,달서구,대구선원초등학교,261,1.221030404,0.4321,,,,0.973726,1,0.3515,-8.045977011
대구광역시,서구,대구중리초등학교,259,1.257708342,0.4321,,,,0.890988,1,0.3622,16.6023166
대구광역시,동구,대구덕성초등학교,259,1.214721527,0.4321,,,,0.962626,1,0.3499,-4.247104247
대구광역시,동구,대구입석초등학교,259,1.205903118,0.4321,,,,0.952329,1,0.3499,0
대구광역시,동구,불로중학교,258,1.067828044,0.4321,,,,0.947122,0.347845,0.3499,0.0488997555
대구광역시,동구,동촌중학교,257,1.058861243,0.4321,,,,0.949655,0.214597,0.3499,0.0488997555
대구광역시,동구,대구지묘초등학교,256,1.238269227,0.4321,,,,0.957417,1,0.3499,0.78125
대구광역시,달서구,성곡중학교,255,1.108056041,0.4321,,,,0.958039,0.418379,0.3515,0.8227848101
대구광역시,동구,신아중학교,255,1.066369935,0.4321,,,,0.936482,0.383871,0.3499,0.0488997555
대구광역시,달성군,대구옥포초등학교,252,1.21150005,0.4321,,,,0.945389,1,0.3487,-3.968253968
대구광역시,달서구,대구감삼초등학교,251,1.266757457,0.4321,,,,0.957789,1,0.3515,2.788844622
대구광역시,북구,대구북중학교,250,1.080308488,0.4321,,,,0.947051,0.247085,0.3493,0.5465547531
대구광역시,군위군,군위고등학교,248,1.09210503,0.4321,,,,0.88137,0.693446,0.329,0.6116852985
대구광역시,남구,대구성명초등학교,245,1.22359046,0.5969,보건업,"섬유, 의복, 신발 및 가죽제품 소매업",제조업 및 기타,0.914696,1,0.3552,-2.857142857
대구광역시,달성군,천내중학교,243,1.083378366,0.4321,,,,0.934023,0.365861,0.3487,0.1910219675
대구광역시,북구,산격중학교,240,1.102758883,0.4321,,,,0.944718,0.349535,0.3493,0.5465547531
대구광역시,군위군,대구군위초등학교,239,1.151022598,0.4321,,,,0.88137,0.693446,0.329,8.786610879
대구광역시,북구,대구성보학교,238,1.174693947,0.4321,,,,0.969718,0.693446,0.3493,0
대구광역시,서구,대구두류초등학교,237,1.209355463,0.4321,,,,0.912629,1,0.3622,-4.641350211
대구광역시,달서구,대구세명학교,234,1.185093457,0.4321,,,,0.973726,0.693446,0.3515,0
대구광역시,남구,대구남덕초등학교,229,1.25359844,0.5969,보건업,"섬유, 의복, 신발 및 가죽제품 소매업",제조업 및 기타,0.918617,1,0.3552,-5.240174672
대구광역시,달성군,대구북동초등학교,229,1.22951459,0.4321,,,,0.922492,1,0.3487,-5.240174672
대구광역시,서구,대구이현초등학교,224,1.405408855,0.4321,,,,0.909489,1,0.3622,65.17857143
대구광역시,북구,대구팔달초등학교,224,1.263956777,0.4321,,,,0.951861,1,0.3493,-1.785714286
대구광역시,동구,대구아양초등학교,223,1.256590573,0.4321,,,,0.941699,1,0.3499,-4.932735426
대구광역시,달서구,이곡중학교,223,1.143427649,0.4321,,,,0.967746,0.25134,0.3515,0.8227848101
대구광역시,동구,대구율하초등학교,222,1.250111065,0.4321,,,,0.932595,1,0.3499,-4.054054054
대구광역시,수성구,대구시지초등학교,220,1.271758074,0.4693,기타 개인 서비스업,"미용, 욕탕 및 유사 서비스업",기타 전문 서비스업,0.949368,1,0.3313,-2.727272727
대구광역시,동구,대구서촌초등학교,22,1.57964771,0.4321,,,,0.932322,1,0.3499,0
대구광역시,동구,대구일과학고등학교,218,1.246669338,0.4321,,,,0.959567,0.885745,0.3499,0
대구광역시,달서구,경암중학교,218,1.146844873,0.4321,,,,0.973726,0.187137,0.3515,0.4379562044
대구광역시,수성구,대구남양학교,217,1.221163964,0.4693,기타 개인 서비스업,"미용, 욕탕 및 유사 서비스업",기타 전문 서비스업,0.979671,0.693446,0.3313,0
대구광역시,달서구,대구파호초등학교,216,1.290420923,0.4321,,,,0.96601,1,0.3515,0
대구광역시,북구,대구북부초등학교,215,1.281138884,0.4321,,,,0.954214,1,0.3493,-2.790697674
대구광역시,동구,공산중학교,215,1.13356211,0.4321,,,,0.962626,0.224388,0.3499,0.0488997555
대구광역시,달성군,대구소프트웨어마이스터고등학교,215,1.126484889,0.4321,,,,0.955971,0.271607,0.3487,0
대구광역시,남구,대구대덕초등학교,212,1.291422902,0.5969,보건업,"섬유, 의복, 신발 및 가죽제품 소매업",제조업 및 기타,0.929328,1,0.3552,-2.830188679
대구광역시,수성구,대구지산초등학교,211,1.175040979,0.4693,기타 개인 서비스업,"미용, 욕탕 및 유사 서비스업",기타 전문 서비스업,0.944916,0.325111,0.3313,4.739336493
대구광역시,동구,대구효신초등학교,210,1.447339146,0.4321,,,,0.949927,1,0.3499,58.0952381
대구광역시,달성군,북동중학교,209,1.116435182,0.4321,,,,0.943212,0.208351,0.3487,-2.479338843
대구광역시,북구,대구태전초등학교,207,1.293987063,0.4321,,,,0.953615,1,0.3493,-4.830917874
대구광역시,북구,대구체육고등학교,203,1.164930328,0.4321,,,,0.969718,0.329245,0.3493,0
대구광역시,중구,대구종로초등학교,201,1.343682141,0.2302,무점포 소매업,스포츠 및 오락관련 서비스업,소매업; 자동차 제외,0.95741,1,0.3322,31.34328358
대구광역시,남구,남대구초등학교,201,1.291536147,0.5969,보건업,"섬유, 의복, 신발 및 가죽제품 소매업",제조업 및 기타,0.908739,1,0.3552,-4.975124378
대구광역시,달성군,현풍중학교,200,1.201142336,0.4321,,,,0.945971,0.572016,0.3487,0.8583690987
대구광역시,수성구,대구삼육초등학교,199,1.335004153,0.4693,기타 개인 서비스업,"미용, 욕탕 및 유사 서비스업",기타 전문 서비스업,0.979671,1,0.3313,0
대구광역시,중구,대구동인초등학교,199,1.284874965,0.2302,무점포 소매업,스포츠 및 오락관련 서비스업,소매업; 자동차 제외,0.943809,1,0.3322,1.005025126
대구광역시,달성군,대구논공초등학교,194,1.305081119,0.4321,,,,0.942226,1,0.3487,-3.608247423
대구광역시,달서구,대구장성초등학교,191,1.333337516,0.4321,,,,0.966745,1,0.3515,-4.684975767
대구광역시,수성구,수성중학교,190,1.159836142,0.4693,기타 개인 서비스업,"미용, 욕탕 및 유사 서비스업",기타 전문 서비스업,0.958619,0.135263,0.3313,-0.21595357
대구광역시,군위군,대구부계초등학교고매캠퍼스,19,1.411141111,0.4321,,,,0.88137,0.693446,0.329,-21.05263158
대구광역시,군위군,부계중학교효령캠퍼스,19,1.411141111,0.4321,,,,0.88137,0.693446,0.329,0
대구광역시,수성구,대구경동초등학교,1871,1.630353665,0.4693,기타 개인 서비스업,"미용, 욕탕 및 유사 서비스업",기타 전문 서비스업,0.978781,1,0.3313,14.27044361
대구광역시,남구,대구보명학교,187,1.257908124,0.5969,보건업,"섬유, 의복, 신발 및 가죽제품 소매업",제조업 및 기타,0.941907,0.693446,0.3552,0
대구광역시,군위군,군위중학교,187,1.209899465,0.4321,,,,0.88137,0.693446,0.329,7.486631016
대구광역시,동구,입석중학교,185,1.164165749,0.4321,,,,0.955418,0.149647,0.3499,0.0488997555
대구광역시,수성구,대구지봉초등학교,182,1.357093985,0.4693,기타 개인 서비스업,"미용, 욕탕 및 유사 서비스업",기타 전문 서비스업,0.972345,1,0.3313,-3.833333333
대구광역시,북구,대구교동초등학교,182,1.326821881,0.4321,,,,0.944077,1,0.3493,-3.338391502
대구광역시,달서구,송현여자중학교,182,1.196618247,0.4321,,,,0.970063,0.325505,0.3515,-0.4607307404
대구광역시,서구,대구내서초등학교,177,1.28853427,0.4321,,,,0.892843,1,0.3622,-0.5649717514
대구광역시,달서구,대구신서초등학교,175,1.175871126,0.4321,,,,0.954678,0.1711,0.3515,-4.155124654
대구광역시,서구,대구청라중학교,174,1.148499305,0.4321,,,,0.91161,0.197984,0.3622,0.9982638889
대구광역시,달성군,대구공업고등학교 테크노폴리스 캠퍼스,173,1.174553536,0.4321,,,,0.955971,0.041919,0.3487,0
대구광역시,달서구,대구용천초등학교,1722,0.8293052216,0.4321,,,,0.968886,1,0.3515,0
대구광역시,북구,대구관천초등학교,172,1.358941946,0.4321,,,,0.946462,1,0.3493,0.5813953488
대구광역시,수성구,대구동천초등학교,1711,1.007965997,0.4693,기타 개인 서비스업,"미용, 욕탕 및 유사 서비스업",기타 전문 서비스업,0.974801,1,0.3313,0.8182349503
대구광역시,북구,대구관음초등학교,170,1.356325078,0.4321,,,,0.954032,1,0.3493,-4.705882353
대구광역시,북구,대구이룸고등학교,168,1.28551413,0.4321,,,,0.969718,0.693446,0.3493,0
대구광역시,달성군,대구유가초등학교,1666,0.8146086168,0.4321,,,,0.943967,1,0.3487,-1.620648259
대구광역시,달성군,대구명곡초등학교,166,1.380033753,0.4321,,,,0.935891,1,0.3487,4.332129964
대구광역시,달서구,대구월성초등학교,164,1.354243625,0.4321,,,,0.941205,1,0.3515,-0.6097560976
대구광역시,달성군,대구예아람학교,163,1.279050211,0.4321,,,,0.955971,0.693446,0.3487,0
대구광역시,수성구,범일중학교,163,1.249149216,0.4693,기타 개인 서비스업,"미용, 욕탕 및 유사 서비스업",기타 전문 서비스업,0.959222,0.526626,0.3313,-0.21595357
대구광역시,군위군,대구군위초등학교송원캠퍼스,16,1.415546338,0.4321,,,,0.88137,0.693446,0.329,-18.75
대구광역시,군위군,대구부계초등학교의흥캠퍼스,16,1.415546338,0.4321,,,,0.88137,0.693446,0.329,-12.5
대구광역시,군위군,부계중학교,16,1.415546338,0.4321,,,,0.88137,0.693446,0.329,0
대구광역시,달성군,대구천내초등학교,159,1.364327873,0.4321,,,,0.943393,1,0.3487,-1.257861635
대구광역시,서구,대평중학교,157,1.160537825,0.4321,,,,0.898456,0.245127,0.3622,0.9982638889
대구광역시,달서구,상인중학교,156,1.199838671,0.4321,,,,0.943811,0.26807,0.3515,-0.4607307404
대구광역시,수성구,대구성동초등학교,1544,1.210604969,0.4693,기타 개인 서비스업,"미용, 욕탕 및 유사 서비스업",기타 전문 서비스업,0.974922,1,0.3313,4.727979275
대구광역시,달성군,논공중학교,154,1.18319224,0.4321,,,,0.929997,0.230094,0.3487,-2.479338843
대구광역시,서구,경일중학교,152,1.143903461,0.4321,,,,0.889126,0,0.3622,0.9982638889
대구광역시,달성군,대구남동초등학교,151,1.376968557,0.4321,,,,0.942726,1,0.3487,-1.986754967
대구광역시,서구,대구대성초등학교,151,1.330757608,0.4321,,,,0.893366,1,0.3622,-1.986754967
대구광역시,북구,팔달중학교,150,1.213018341,0.4321,,,,0.95194,0.222869,0.3493,-0.8176918788
대구광역시,서구,서대구초등학교,149,1.325081841,0.4321,,,,0.884122,1,0.3622,-2.013422819
대구광역시,수성구,대구대청초등학교,1488,1.557619548,0.4693,기타 개인 서비스업,"미용, 욕탕 및 유사 서비스업",기타 전문 서비스업,0.975191,1,0.3313,18.8172043
대구광역시,남구,경혜여자중학교,148,1.239412729,0.5969,보건업,"섬유, 의복, 신발 및 가죽제품 소매업",제조업 및 기타,0.928393,0.164839,0.3552,1.19760479
대구광역시,달성군,대구세천초등학교,1438,0.8186141522,0.4321,,,,0.950872,1,0.3487,0
대구광역시,수성구,대구동문초등학교,141,1.419976167,0.4693,기타 개인 서비스업,"미용, 욕탕 및 유사 서비스업",기타 전문 서비스업,0.965487,1,0.3313,-6.382978723
대구광역시,수성구,대구동도초등학교,1409,1.037012455,0.4693,기타 개인 서비스업,"미용, 욕탕 및 유사 서비스업",기타 전문 서비스업,0.975886,1,0.3313,1.632363378
대구광역시,달서구,대구신당초등학교,138,1.372200757,0.4321,,,,0.915755,1,0.3515,-4.155124654
대구광역시,남구,대구남명초등학교,137,1.406162924,0.5969,보건업,"섬유, 의복, 신발 및 가죽제품 소매업",제조업 및 기타,0.917576,1,0.3552,-11.67883212
대구광역시,달성군,대구가창초등학교,137,1.394032871,0.4321,,,,0.936507,1,0.3487,-2.919708029
대구광역시,서구,서남중학교,136,1.192954191,0.4321,,,,0.905638,0.210732,0.3622,0.9982638889
대구광역시,수성구,대구범물초등학교,135,1.187329303,0.4693,기타 개인 서비스업,"미용, 욕탕 및 유사 서비스업",기타 전문 서비스업,0.915474,0,0.3313,-3.833333333
대구광역시,중구,대구남산초등학교,1332,0.8143587278,0.2302,무점포 소매업,스포츠 및 오락관련 서비스업,소매업; 자동차 제외,0.968802,1,0.3322,-3.303303303
대구광역시,북구,대구칠성초등학교,1306,0.8272512683,0.4321,,,,0.965634,1,0.3493,-2.373660031
대구광역시,달성군,대구금포초등학교,129,1.385390271,0.4321,,,,0.914628,1,0.3487,-6.976744186
대구광역시,달서구,대구월암초등학교,1277,1.123563541,0.4321,,,,0.967983,1,0.3515,5.090054816
대구광역시,서구,대구서평초등학교,127,1.368354615,0.4321,,,,0.873447,1,0.3622,2.362204724
대구광역시,달성군,대구금계초등학교,126,1.423857253,0.4321,,,,0.948035,1,0.3487,-4.761904762
대구광역시,동구,대구선명학교,126,1.344365903,0.4321,,,,0.962626,0.693446,0.3499,0
대구광역시,달서구,대구장동초등학교,1223,1.223050647,0.4321,,,,0.965004,1,0.3515,10.0572363
대구광역시,서구,대구북비산초등학교,121,1.368006397,0.4321,,,,0.882384,1,0.3622,-2.813852814
대구광역시,달성군,가창중학교,120,1.236418293,0.4321,,,,0.942082,0.08257,0.3487,0
대구광역시,달성군,대구대실초등학교,1195,0.8181739769,0.4321,,,,0.950114,1,0.3487,0
대구광역시,남구,경북예술고등학교,1194,0.7522093102,0.5969,보건업,"섬유, 의복, 신발 및 가죽제품 소매업",제조업 및 기타,0.941348,0.504032,0.3552,0
대구광역시,달성군,대구세현초등학교,1187,0.8152182562,0.4321,,,,0.945019,1,0.3487,0
대구광역시,달성군,대구서동초등학교,1177,0.8166423867,0.4321,,,,0.947475,1,0.3487,0
대구광역시,수성구,대구사월초등학교,1169,1.064752878,0.4693,기타 개인 서비스업,"미용, 욕탕 및 유사 서비스업",기타 전문 서비스업,0.979671,1,0.3313,2.994011976
대구광역시,북구,대구침산초등학교,1165,0.8242935326,0.4321,,,,0.960562,1,0.3493,-0.4291845494
대구광역시,달서구,대구신월초등학교,1143,1.012589497,0.4321,,,,0.969059,1,0.3515,2.449693788
대구광역시,달서구,대구한샘초등학교,1135,0.8269870547,0.4321,,,,0.964915,1,0.3515,-2.207727045
대구광역시,달서구,영남고등학교,1135,0.789029846,0.4321,,,,0.970201,0.430388,0.3515,0.1883910387
대구광역시,달서구,대구본리초등학교,1126,1.019459807,0.4321,,,,0.963068,1,0.3515,2.841918295
대구광역시,달성군,대구비슬초등학교,1118,0.815690706,0.4321,,,,0.945834,1,0.3487,-1.367890569
대구광역시,수성구,대구동중학교,1109,0.736529732,0.4693,기타 개인 서비스업,"미용, 욕탕 및 유사 서비스업",기타 전문 서비스업,0.966446,0.350429,0.3313,-0.21595357
대구광역시,달서구,조암중학교,1105,0.743560343,0.4321,,,,0.971312,0.420343,0.3515,-0.4607307404
대구광역시,달서구,월서중학교,1101,0.7407175332,0.4321,,,,0.966762,0.421694,0.3515,-0.4607307404
대구광역시,남구,대구덕희학교,109,1.381636791,0.5969,보건업,"섬유, 의복, 신발 및 가죽제품 소매업",제조업 및 기타,0.941907,0.693446,0.3552,0
대구광역시,동구,대구새론초등학교,1083,0.81926927,0.4321,,,,0.951853,1,0.3499,-4.709141274
대구광역시,달성군,비슬고등학교,1067,0.7595875761,0.4321,,,,0.934103,0.414201,0.3487,0.1883910387
대구광역시,서구,대구평리초등학교,1065,0.9285802884,0.4321,,,,0.910434,1,0.3622,1.596244131
대구광역시,북구,대구대산초등학교,106,1.447191782,0.4321,,,,0.938271,1,0.3493,-5.660377358
대구광역시,달서구,대구월곡초등학교,106,1.42574934,0.4321,,,,0.917122,1,0.3515,-1.099764336
대구광역시,남구,대구보건학교,106,1.386395586,0.5969,보건업,"섬유, 의복, 신발 및 가죽제품 소매업",제조업 및 기타,0.941907,0.693446,0.3552,0
대구광역시,수성구,정화중학교,1042,0.768896216,0.4693,기타 개인 서비스업,"미용, 욕탕 및 유사 서비스업",기타 전문 서비스업,0.979032,0.584547,0.3313,-0.21595357
대구광역시,수성구,시지고등학교,1039,0.8359678873,0.4693,기타 개인 서비스업,"미용, 욕탕 및 유사 서비스업",기타 전문 서비스업,0.972613,0.491569,0.3313,0.6116852985
대구광역시,수성구,대구범어초등학교,1028,1.492133448,0.4693,기타 개인 서비스업,"미용, 욕탕 및 유사 서비스업",기타 전문 서비스업,0.972538,1,0.3313,32.87937743
대구광역시,수성구,덕원고등학교,1019,0.8403351098,0.4693,기타 개인 서비스업,"미용, 욕탕 및 유사 서비스업",기타 전문 서비스업,0.978363,0.506727,0.3313,0.6116852985
대구광역시,수성구,동도중학교,1007,0.757627365,0.4693,기타 개인 서비스업,"미용, 욕탕 및 유사 서비스업",기타 전문 서비스업,0.974375,0.515532,0.3313,-0.21595357
대전광역시,서구,한밭초등학교,1673,15.98504294,0.264,"일반 교습학원 (950,562,442원 / 48.76%)","기타 교육기관 (195,956,852원 / 10.05%)","도서관, 사적지 및 유사 여가관련 서비스업 (181,033,750원 / 9.29%)",96.32460909,1,0.3423,0.08428
대전광역시,중구,대전중앙초등학교,806,8.327218674,0.081,"섬유, 의복, 신발 및 가죽제품 소매업 (47,669,480원 / 17.97%)","일반 교습학원 (31,034,120원 / 11.70%)","문화, 오락 및 여가 용품 소매업 (19,349,923원 / 7.29%)",93.56676592,1,0.3428,0.1
대전광역시,유성구,대전용산초등학교,938,5.916682616,0.214,"일반 교습학원 (508,945,989원 / 43.41%)","기타 교육기관 (112,787,846원 / 9.62%)","도서관, 사적지 및 유사 여가관련 서비스업 (86,197,440원 / 7.35%)",96.68731414,1,0.346,0.073922
대전광역시,동구,대전은어송초등학교,838,5.397145621,0.084,"일반 교습학원 (63,106,710원 / 19.44%)","종합 소매업 (30,720,610원 / 9.46%)","섬유, 의복, 신발 및 가죽제품 소매업 (24,782,150원 / 7.63%)",89.44863564,1,0.3712,0.082608
대전광역시,동구,대전천동초등학교,728,5.050917328,0.084,"일반 교습학원 (63,106,710원 / 19.44%)","종합 소매업 (30,720,610원 / 9.46%)","섬유, 의복, 신발 및 가죽제품 소매업 (24,782,150원 / 7.63%)",89.44401099,1,0.3712,0.1
대전광역시,중구,대전목동초등학교,612,3.881335209,0.081,"섬유, 의복, 신발 및 가죽제품 소매업 (47,669,480원 / 17.97%)","일반 교습학원 (31,034,120원 / 11.70%)","문화, 오락 및 여가 용품 소매업 (19,349,923원 / 7.29%)",93.56366013,1,0.3428,0.1
대전광역시,유성구,대전원신흥초등학교,570,3.774790475,0.214,"일반 교습학원 (508,945,989원 / 43.41%)","기타 교육기관 (112,787,846원 / 9.62%)","도서관, 사적지 및 유사 여가관련 서비스업 (86,197,440원 / 7.35%)",96.67311696,1,0.346,0.1
대전광역시,중구,대전목양초등학교,671,3.676229983,0.081,"섬유, 의복, 신발 및 가죽제품 소매업 (47,669,480원 / 17.97%)","일반 교습학원 (31,034,120원 / 11.70%)","문화, 오락 및 여가 용품 소매업 (19,349,923원 / 7.29%)",93.57105812,1,0.3428,0.1
대전광역시,서구,대전삼천초등학교,657,3.101834921,0.264,"일반 교습학원 (950,562,442원 / 48.76%)","기타 교육기관 (195,956,852원 / 10.05%)","도서관, 사적지 및 유사 여가관련 서비스업 (181,033,750원 / 9.29%)",96.31482344,1,0.3423,0.083714
대전광역시,중구,대전글꽃초등학교,919,2.065270561,0.081,"섬유, 의복, 신발 및 가죽제품 소매업 (47,669,480원 / 17.97%)","일반 교습학원 (31,034,120원 / 11.70%)","문화, 오락 및 여가 용품 소매업 (19,349,923원 / 7.29%)",93.57129489,1,0.3428,0.020675
대전광역시,서구,대전서원초등학교,619,1.822952924,0.264,"일반 교습학원 (950,562,442원 / 48.76%)","기타 교육기관 (195,956,852원 / 10.05%)","도서관, 사적지 및 유사 여가관련 서비스업 (181,033,750원 / 9.29%)",96.31730695,1,0.3423,0.043619
대전광역시,유성구,대전동화초등학교,777,1.688998236,0.214,"일반 교습학원 (508,945,989원 / 43.41%)","기타 교육기관 (112,787,846원 / 9.62%)","도서관, 사적지 및 유사 여가관련 서비스업 (86,197,440원 / 7.35%)",96.68871,1,0.346,0.057045
대전광역시,서구,대전문정초등학교,502,1.587521678,0.264,"일반 교습학원 (950,562,442원 / 48.76%)","기타 교육기관 (195,956,852원 / 10.05%)","도서관, 사적지 및 유사 여가관련 서비스업 (181,033,750원 / 9.29%)",93.80364884,1,0.3423,0.047809
대전광역시,서구,대전성룡초등학교,985,1.564842755,0.264,"일반 교습학원 (950,562,442원 / 48.76%)","기타 교육기관 (195,956,852원 / 10.05%)","도서관, 사적지 및 유사 여가관련 서비스업 (181,033,750원 / 9.29%)",96.32293909,1,0.3423,0.01189
대전광역시,서구,대전구봉초등학교,688,1.404144816,0.264,"일반 교습학원 (950,562,442원 / 48.76%)","기타 교육기관 (195,956,852원 / 10.05%)","도서관, 사적지 및 유사 여가관련 서비스업 (181,033,750원 / 9.29%)",96.31343411,1,0.3423,0.020349
대전광역시,대덕구,신탄진용정초등학교,432,1.295233195,0.094,"일반 교습학원 (42,546,900원 / 23.68%)","기타 교육기관 (14,451,200원 / 8.04%)","종합 소매업 (14,327,440원 / 7.97%)",87.73565432,1,0.3436,0.035032
대전광역시,서구,대전탄방초등학교,715,1.273776322,0.264,"일반 교습학원 (950,562,442원 / 48.76%)","기타 교육기관 (195,956,852원 / 10.05%)","도서관, 사적지 및 유사 여가관련 서비스업 (181,033,750원 / 9.29%)",96.31534499,1,0.3423,0.00979
대전광역시,서구,대전탄방중학교,1170,1.255442632,0.264,"일반 교습학원 (950,562,442원 / 48.76%)","기타 교육기관 (195,956,852원 / 10.05%)","도서관, 사적지 및 유사 여가관련 서비스업 (181,033,750원 / 9.29%)",96.3247208,0.1628386614,0.3423,0.008041
대전광역시,서구,대전문정중학교,1184,1.207578093,0.264,"일반 교습학원 (950,562,442원 / 48.76%)","기타 교육기관 (195,956,852원 / 10.05%)","도서관, 사적지 및 유사 여가관련 서비스업 (181,033,750원 / 9.29%)",96.32418468,0.2335164532,0.3423,0.008041
대전광역시,유성구,대전관평초등학교,474,1.191094935,0.214,"일반 교습학원 (508,945,989원 / 43.41%)","기타 교육기관 (112,787,846원 / 9.62%)","도서관, 사적지 및 유사 여가관련 서비스업 (86,197,440원 / 7.35%)",93.80364884,1,0.346,0.040438
대전광역시,유성구,대전배울초등학교,635,1.126480178,0.214,"일반 교습학원 (508,945,989원 / 43.41%)","기타 교육기관 (112,787,846원 / 9.62%)","도서관, 사적지 및 유사 여가관련 서비스업 (86,197,440원 / 7.35%)",96.68460105,1,0.346,0.012598
대전광역시,서구,대전신계초등학교,795,1.097786372,0.264,"일반 교습학원 (950,562,442원 / 48.76%)","기타 교육기관 (195,956,852원 / 10.05%)","도서관, 사적지 및 유사 여가관련 서비스업 (181,033,750원 / 9.29%)",96.31442138,1,0.3423,0.005031
대전광역시,유성구,대전지족초등학교,474,1.08965785,0.214,"일반 교습학원 (508,945,989원 / 43.41%)","기타 교육기관 (112,787,846원 / 9.62%)","도서관, 사적지 및 유사 여가관련 서비스업 (86,197,440원 / 7.35%)",96.68174824,1,0.346,0.018987
대전광역시,유성구,대전전민초등학교,1081,1.047204618,0.214,"일반 교습학원 (508,945,989원 / 43.41%)","기타 교육기관 (112,787,846원 / 9.62%)","도서관, 사적지 및 유사 여가관련 서비스업 (86,197,440원 / 7.35%)",96.68929972,1,0.346,0.001051
대전광역시,유성구,대전동화중학교,681,0.9573692075,0.214,"일반 교습학원 (508,945,989원 / 43.41%)","기타 교육기관 (112,787,846원 / 9.62%)","도서관, 사적지 및 유사 여가관련 서비스업 (86,197,440원 / 7.35%)",96.68712628,0.6193914807,0.346,0.008766
대전광역시,서구,대전삼천중학교,1004,0.9390265007,0.264,"일반 교습학원 (950,562,442원 / 48.76%)","기타 교육기관 (195,956,852원 / 10.05%)","도서관, 사적지 및 유사 여가관련 서비스업 (181,033,750원 / 9.29%)",96.32367995,0.217355745,0.3423,0.008041
대전광역시,유성구,대전관평중학교,688,0.9177154732,0.214,"일반 교습학원 (508,945,989원 / 43.41%)","기타 교육기관 (112,787,846원 / 9.62%)","도서관, 사적지 및 유사 여가관련 서비스업 (86,197,440원 / 7.35%)",96.68815504,0.5395859493,0.346,0.008766
대전광역시,유성구,대전상지초등학교,552,0.9089664216,0.214,"일반 교습학원 (508,945,989원 / 43.41%)","기타 교육기관 (112,787,846원 / 9.62%)","도서관, 사적지 및 유사 여가관련 서비스업 (86,197,440원 / 7.35%)",96.68213043,1,0.346,0.001812
대전광역시,중구,대전글꽃중학교,887,0.8891354188,0.081,"섬유, 의복, 신발 및 가죽제품 소매업 (47,669,480원 / 17.97%)","일반 교습학원 (31,034,120원 / 11.70%)","문화, 오락 및 여가 용품 소매업 (19,349,923원 / 7.29%)",93.56947764,0.2781220078,0.3428,0.009575
대전광역시,서구,대전버드내중학교,874,0.8638338504,0.264,"일반 교습학원 (950,562,442원 / 48.76%)","기타 교육기관 (195,956,852원 / 10.05%)","도서관, 사적지 및 유사 여가관련 서비스업 (181,033,750원 / 9.29%)",96.32089779,0.4112973063,0.3423,0.004272
대전광역시,유성구,대전예술고등학교,414,0.850338548,0.214,"일반 교습학원 (508,945,989원 / 43.41%)","기타 교육기관 (112,787,846원 / 9.62%)","도서관, 사적지 및 유사 여가관련 서비스업 (86,197,440원 / 7.35%)",96.68977939,0.4406399366,0.346,0.02173913043
대전광역시,유성구,대전반석초등학교,1243,0.8134639675,0.214,"일반 교습학원 (508,945,989원 / 43.41%)","기타 교육기관 (112,787,846원 / 9.62%)","도서관, 사적지 및 유사 여가관련 서비스업 (86,197,440원 / 7.35%)",96.69246366,1,0.346,-0.00563
대전광역시,유성구,대전상원초등학교,870,0.8134626009,0.214,"일반 교습학원 (508,945,989원 / 43.41%)","기타 교육기관 (112,787,846원 / 9.62%)","도서관, 사적지 및 유사 여가관련 서비스업 (86,197,440원 / 7.35%)",96.69223372,1,0.346,-0.01839
대전광역시,서구,대전도솔초등학교,1301,0.8134622772,0.264,"일반 교습학원 (950,562,442원 / 48.76%)","기타 교육기관 (195,956,852원 / 10.05%)","도서관, 사적지 및 유사 여가관련 서비스업 (181,033,750원 / 9.29%)",96.32341302,1,0.3423,-0.03305
대전광역시,유성구,대덕초등학교,660,0.8134611518,0.214,"일반 교습학원 (508,945,989원 / 43.41%)","기타 교육기관 (112,787,846원 / 9.62%)","도서관, 사적지 및 유사 여가관련 서비스업 (86,197,440원 / 7.35%)",96.6919899,1,0.346,-0.01364
대전광역시,유성구,흥도초등학교,874,0.813453555,0.214,"일반 교습학원 (508,945,989원 / 43.41%)","기타 교육기관 (112,787,846원 / 9.62%)","도서관, 사적지 및 유사 여가관련 서비스업 (86,197,440원 / 7.35%)",96.69071167,1,0.346,-0.01602
대전광역시,서구,대전샘머리초등학교,847,0.813450894,0.264,"일반 교습학원 (950,562,442원 / 48.76%)","기타 교육기관 (195,956,852원 / 10.05%)","도서관, 사적지 및 유사 여가관련 서비스업 (181,033,750원 / 9.29%)",96.32149036,1,0.3423,-0.00945
대전광역시,서구,대전갑천초등학교,541,0.813447035,0.264,"일반 교습학원 (950,562,442원 / 48.76%)","기타 교육기관 (195,956,852원 / 10.05%)","도서관, 사적지 및 유사 여가관련 서비스업 (181,033,750원 / 9.29%)",96.32083857,1,0.3423,-0.00161
대전광역시,서구,대전서부초등학교,540,0.8134469675,0.264,"일반 교습학원 (950,562,442원 / 48.76%)","기타 교육기관 (195,956,852원 / 10.05%)","도서관, 사적지 및 유사 여가관련 서비스업 (181,033,750원 / 9.29%)",96.32082716,1,0.3423,-0.03889
대전광역시,서구,대전도안초등학교,1126,0.8134414498,0.264,"일반 교습학원 (950,562,442원 / 48.76%)","기타 교육기관 (195,956,852원 / 10.05%)","도서관, 사적지 및 유사 여가관련 서비스업 (181,033,750원 / 9.29%)",96.3198952,1,0.3423,-0.00888
대전광역시,서구,대전금동초등학교,737,0.8134353143,0.264,"일반 교습학원 (950,562,442원 / 48.76%)","기타 교육기관 (195,956,852원 / 10.05%)","도서관, 사적지 및 유사 여가관련 서비스업 (181,033,750원 / 9.29%)",96.31885889,1,0.3423,-0.02307
대전광역시,서구,대전선유초등학교,1037,0.8134340335,0.264,"일반 교습학원 (950,562,442원 / 48.76%)","기타 교육기관 (195,956,852원 / 10.05%)","도서관, 사적지 및 유사 여가관련 서비스업 (181,033,750원 / 9.29%)",96.31864256,1,0.3423,-0.0405
대전광역시,유성구,대전노은초등학교,870,0.8134307216,0.214,"일반 교습학원 (508,945,989원 / 43.41%)","기타 교육기관 (112,787,846원 / 9.62%)","도서관, 사적지 및 유사 여가관련 서비스업 (86,197,440원 / 7.35%)",96.68686973,1,0.346,-0.02351
대전광역시,서구,대전내동초등학교,870,0.8134245356,0.264,"일반 교습학원 (950,562,442원 / 48.76%)","기타 교육기관 (195,956,852원 / 10.05%)","도서관, 사적지 및 유사 여가관련 서비스업 (181,033,750원 / 9.29%)",96.31703831,1,0.3423,-0.04023
대전광역시,유성구,대전새미래초등학교,1058,0.813422216,0.214,"일반 교습학원 (508,945,989원 / 43.41%)","기타 교육기관 (112,787,846원 / 9.62%)","도서관, 사적지 및 유사 여가관련 서비스업 (86,197,440원 / 7.35%)",96.68543856,1,0.346,-0.02741
대전광역시,서구,대전둔원초등학교,643,0.8134221296,0.264,"일반 교습학원 (950,562,442원 / 48.76%)","기타 교육기관 (195,956,852원 / 10.05%)","도서관, 사적지 및 유사 여가관련 서비스업 (181,033,750원 / 9.29%)",96.31663193,1,0.3423,-0.00311
대전광역시,서구,대전선암초등학교,509,0.8134214784,0.264,"일반 교습학원 (950,562,442원 / 48.76%)","기타 교육기관 (195,956,852원 / 10.05%)","도서관, 사적지 및 유사 여가관련 서비스업 (181,033,750원 / 9.29%)",96.31652194,1,0.3423,-0.02358
대전광역시,유성구,대전어은초등학교,596,0.81342062,0.214,"일반 교습학원 (508,945,989원 / 43.41%)","기타 교육기관 (112,787,846원 / 9.62%)","도서관, 사적지 및 유사 여가관련 서비스업 (86,197,440원 / 7.35%)",96.68517002,1,0.346,-0.0151
대전광역시,유성구,대전계산초등학교,745,0.8134192905,0.214,"일반 교습학원 (508,945,989원 / 43.41%)","기타 교육기관 (112,787,846원 / 9.62%)","도서관, 사적지 및 유사 여가관련 서비스업 (86,197,440원 / 7.35%)",96.68494631,1,0.346,-0.02013
대전광역시,서구,대전정림초등학교,547,0.8134185723,0.264,"일반 교습학원 (950,562,442원 / 48.76%)","기타 교육기관 (195,956,852원 / 10.05%)","도서관, 사적지 및 유사 여가관련 서비스업 (181,033,750원 / 9.29%)",96.31603108,1,0.3423,-0.00731
대전광역시,서구,대전복수초등학교,725,0.8134181842,0.264,"일반 교습학원 (950,562,442원 / 48.76%)","기타 교육기관 (195,956,852원 / 10.05%)","도서관, 사적지 및 유사 여가관련 서비스업 (181,033,750원 / 9.29%)",96.31596552,1,0.3423,-0.01655
대전광역시,유성구,대전두리초등학교,835,0.8134149595,0.214,"일반 교습학원 (508,945,989원 / 43.41%)","기타 교육기관 (112,787,846원 / 9.62%)","도서관, 사적지 및 유사 여가관련 서비스업 (86,197,440원 / 7.35%)",96.68421756,1,0.346,-0.26262
대전광역시,서구,대전둔산초등학교,520,0.8134076101,0.264,"일반 교습학원 (950,562,442원 / 48.76%)","기타 교육기관 (195,956,852원 / 10.05%)","도서관, 사적지 및 유사 여가관련 서비스업 (181,033,750원 / 9.29%)",96.31417949,1,0.3423,-0.03846
대전광역시,서구,대전가장초등학교,655,0.8134051766,0.264,"일반 교습학원 (950,562,442원 / 48.76%)","기타 교육기관 (195,956,852원 / 10.05%)","도서관, 사적지 및 유사 여가관련 서비스업 (181,033,750원 / 9.29%)",96.31376845,1,0.3423,-0.02638
대전광역시,유성구,대전봉명초등학교,826,0.8134047974,0.214,"일반 교습학원 (508,945,989원 / 43.41%)","기타 교육기관 (112,787,846원 / 9.62%)","도서관, 사적지 및 유사 여가관련 서비스업 (86,197,440원 / 7.35%)",96.68250767,1,0.346,-0.01332
대전광역시,서구,대전백운초등학교,545,0.8134038498,0.264,"일반 교습학원 (950,562,442원 / 48.76%)","기타 교육기관 (195,956,852원 / 10.05%)","도서관, 사적지 및 유사 여가관련 서비스업 (181,033,750원 / 9.29%)",96.31354434,1,0.3423,-0.03068
대전광역시,유성구,대전하기초등학교,434,0.8134032501,0.214,"일반 교습학원 (508,945,989원 / 43.41%)","기타 교육기관 (112,787,846원 / 9.62%)","도서관, 사적지 및 유사 여가관련 서비스업 (86,197,440원 / 7.35%)",96.68224731,1,0.346,-0.02995
대전광역시,유성구,금성초등학교,429,0.8134025053,0.214,"일반 교습학원 (508,945,989원 / 43.41%)","기타 교육기관 (112,787,846원 / 9.62%)","도서관, 사적지 및 유사 여가관련 서비스업 (86,197,440원 / 7.35%)",96.68212199,1,0.346,-0.01632
대전광역시,서구,대전봉산초등학교,482,0.8134016261,0.264,"일반 교습학원 (950,562,442원 / 48.76%)","기타 교육기관 (195,956,852원 / 10.05%)","도서관, 사적지 및 유사 여가관련 서비스업 (181,033,750원 / 9.29%)",96.31316874,1,0.3423,-0.02905
대전광역시,서구,대전느리울초등학교,660,0.8133997899,0.264,"일반 교습학원 (950,562,442원 / 48.76%)","기타 교육기관 (195,956,852원 / 10.05%)","도서관, 사적지 및 유사 여가관련 서비스업 (181,033,750원 / 9.29%)",96.31285859,1,0.3423,-0.00606
대전광역시,유성구,구즉초등학교,494,0.8133869507,0.214,"일반 교습학원 (508,945,989원 / 43.41%)","기타 교육기관 (112,787,846원 / 9.62%)","도서관, 사적지 및 유사 여가관련 서비스업 (86,197,440원 / 7.35%)",96.67950472,1,0.346,-0.09416
대전광역시,유성구,외삼초등학교,684,0.8133860597,0.214,"일반 교습학원 (508,945,989원 / 43.41%)","기타 교육기관 (112,787,846원 / 9.62%)","도서관, 사적지 및 유사 여가관련 서비스업 (86,197,440원 / 7.35%)",96.67935478,1,0.346,-0.00877
대전광역시,유성구,대전죽동초등학교,865,0.813384707,0.214,"일반 교습학원 (508,945,989원 / 43.41%)","기타 교육기관 (112,787,846원 / 9.62%)","도서관, 사적지 및 유사 여가관련 서비스업 (86,197,440원 / 7.35%)",96.67912717,1,0.346,-0.03699
대전광역시,유성구,대전상대초등학교,837,0.8133772153,0.214,"일반 교습학원 (508,945,989원 / 43.41%)","기타 교육기관 (112,787,846원 / 9.62%)","도서관, 사적지 및 유사 여가관련 서비스업 (86,197,440원 / 7.35%)",96.67786659,1,0.346,-0.01581
대전광역시,유성구,문지초등학교,405,0.813369326,0.214,"일반 교습학원 (508,945,989원 / 43.41%)","기타 교육기관 (112,787,846원 / 9.62%)","도서관, 사적지 및 유사 여가관련 서비스업 (86,197,440원 / 7.35%)",96.67653909,1,0.346,-0.00528
대전광역시,서구,대전관저초등학교,413,0.8133688321,0.264,"일반 교습학원 (950,562,442원 / 48.76%)","기타 교육기관 (195,956,852원 / 10.05%)","도서관, 사적지 및 유사 여가관련 서비스업 (181,033,750원 / 9.29%)",96.30762954,1,0.3423,-0.01937
대전광역시,유성구,대전송강초등학교,451,0.8133617342,0.214,"일반 교습학원 (508,945,989원 / 43.41%)","기타 교육기관 (112,787,846원 / 9.62%)","도서관, 사적지 및 유사 여가관련 서비스업 (86,197,440원 / 7.35%)",96.67526164,1,0.346,-0.1762
대전광역시,서구,대전도마초등학교,545,0.8133603978,0.264,"일반 교습학원 (950,562,442원 / 48.76%)","기타 교육기관 (195,956,852원 / 10.05%)","도서관, 사적지 및 유사 여가관련 서비스업 (181,033,750원 / 9.29%)",96.30620489,1,0.3423,-0.0422
대전광역시,동구,산내초등학교,549,0.8132403807,0.084,"일반 교습학원 (63,106,710원 / 19.44%)","종합 소매업 (30,720,610원 / 9.46%)","섬유, 의복, 신발 및 가죽제품 소매업 (24,782,150원 / 7.63%)",89.44042805,1,0.3712,0.005703
대전광역시,유성구,대전전민고등학교,630,0.8120727011,0.214,"일반 교습학원 (508,945,989원 / 43.41%)","기타 교육기관 (112,787,846원 / 9.62%)","도서관, 사적지 및 유사 여가관련 서비스업 (86,197,440원 / 7.35%)",96.68665079,0.9933619175,0.346,-0.00201
대전광역시,중구,대전태평중학교,468,0.800623104,0.081,"섬유, 의복, 신발 및 가죽제품 소매업 (47,669,480원 / 17.97%)","일반 교습학원 (31,034,120원 / 11.70%)","문화, 오락 및 여가 용품 소매업 (19,349,923원 / 7.29%)",93.56860399,0.2525039441,0.3428,0.005216
대전광역시,중구,충남여자중학교,992,0.7987808899,0.081,"섬유, 의복, 신발 및 가죽제품 소매업 (47,669,480원 / 17.97%)","일반 교습학원 (31,034,120원 / 11.70%)","문화, 오락 및 여가 용품 소매업 (19,349,923원 / 7.29%)",93.57126344,0.4220062642,0.3428,0.005216
대전광역시,서구,대전호수초등학교,934,0.7986032234,0.264,"일반 교습학원 (950,562,442원 / 48.76%)","기타 교육기관 (195,956,852원 / 10.05%)","도서관, 사적지 및 유사 여가관련 서비스업 (181,033,750원 / 9.29%)",93.80364884,1,0.3423,-0.02998
대전광역시,서구,대전삼육초등학교,557,0.7986032234,0.264,"일반 교습학원 (950,562,442원 / 48.76%)","기타 교육기관 (195,956,852원 / 10.05%)","도서관, 사적지 및 유사 여가관련 서비스업 (181,033,750원 / 9.29%)",93.80364884,1,0.3423,-0.005385996409
대전광역시,중구,대전성모초등학교,637,0.7906936825,0.081,"섬유, 의복, 신발 및 가죽제품 소매업 (47,669,480원 / 17.97%)","일반 교습학원 (31,034,120원 / 11.70%)","문화, 오락 및 여가 용품 소매업 (19,349,923원 / 7.29%)",93.57895343,1,0.3428,-0.009419152276
대전광역시,중구,대전버드내초등학교,739,0.7906411549,0.081,"섬유, 의복, 신발 및 가죽제품 소매업 (47,669,480원 / 17.97%)","일반 교습학원 (31,034,120원 / 11.70%)","문화, 오락 및 여가 용품 소매업 (19,349,923원 / 7.29%)",93.57007668,1,0.3428,-0.01353
대전광역시,중구,대전신평초등학교,424,0.7906254426,0.081,"섬유, 의복, 신발 및 가죽제품 소매업 (47,669,480원 / 17.97%)","일반 교습학원 (31,034,120원 / 11.70%)","문화, 오락 및 여가 용품 소매업 (19,349,923원 / 7.29%)",93.56742138,1,0.3428,-0.04009
대전광역시,중구,대전산성초등학교,472,0.7906079387,0.081,"섬유, 의복, 신발 및 가죽제품 소매업 (47,669,480원 / 17.97%)","일반 교습학원 (31,034,120원 / 11.70%)","문화, 오락 및 여가 용품 소매업 (19,349,923원 / 7.29%)",93.56446328,1,0.3428,-0.04554
대전광역시,중구,대전태평초등학교,526,0.7906023775,0.081,"섬유, 의복, 신발 및 가죽제품 소매업 (47,669,480원 / 17.97%)","일반 교습학원 (31,034,120원 / 11.70%)","문화, 오락 및 여가 용품 소매업 (19,349,923원 / 7.29%)",93.56352345,1,0.3428,-0.03042
대전광역시,서구,대전신계중학교,614,0.7883510338,0.264,"일반 교습학원 (950,562,442원 / 48.76%)","기타 교육기관 (195,956,852원 / 10.05%)","도서관, 사적지 및 유사 여가관련 서비스업 (181,033,750원 / 9.29%)",96.31831379,0.6498213873,0.3423,0.003177
대전광역시,동구,대전가오초등학교,649,0.7686696977,0.084,"일반 교습학원 (63,106,710원 / 19.44%)","종합 소매업 (30,720,610원 / 9.46%)","섬유, 의복, 신발 및 가죽제품 소매업 (24,782,150원 / 7.63%)",89.44780945,1,0.3712,-0.0416
대전광역시,동구,대전신흥초등학교,1201,0.7686598592,0.084,"일반 교습학원 (63,106,710원 / 19.44%)","종합 소매업 (30,720,610원 / 9.46%)","섬유, 의복, 신발 및 가죽제품 소매업 (24,782,150원 / 7.63%)",89.44611851,1,0.3712,-0.02167
대전광역시,동구,대전용운초등학교,510,0.768658295,0.084,"일반 교습학원 (63,106,710원 / 19.44%)","종합 소매업 (30,720,610원 / 9.46%)","섬유, 의복, 신발 및 가죽제품 소매업 (24,782,150원 / 7.63%)",89.44584967,1,0.3712,-0.02518
대전광역시,동구,동대전초등학교,535,0.7686317821,0.084,"일반 교습학원 (63,106,710원 / 19.44%)","종합 소매업 (30,720,610원 / 9.46%)","섬유, 의복, 신발 및 가죽제품 소매업 (24,782,150원 / 7.63%)",89.44129283,1,0.3712,-0.04042
대전광역시,동구,대전용전초등학교,618,0.7686173876,0.084,"일반 교습학원 (63,106,710원 / 19.44%)","종합 소매업 (30,720,610원 / 9.46%)","섬유, 의복, 신발 및 가죽제품 소매업 (24,782,150원 / 7.63%)",89.43881877,1,0.3712,-0.01618
대전광역시,동구,대전가양초등학교,532,0.7686167505,0.084,"일반 교습학원 (63,106,710원 / 19.44%)","종합 소매업 (30,720,610원 / 9.46%)","섬유, 의복, 신발 및 가죽제품 소매업 (24,782,150원 / 7.63%)",89.43870927,1,0.3712,-0.01552
대전광역시,서구,대전느리울중학교,712,0.7611622813,0.264,"일반 교습학원 (950,562,442원 / 48.76%)","기타 교육기관 (195,956,852원 / 10.05%)","도서관, 사적지 및 유사 여가관련 서비스업 (181,033,750원 / 9.29%)",96.31950936,0.7114129996,0.3423,-0.00244
대전광역시,동구,대전용운중학교,410,0.7586351792,0.084,"일반 교습학원 (63,106,710원 / 19.44%)","종합 소매업 (30,720,610원 / 9.46%)","섬유, 의복, 신발 및 가죽제품 소매업 (24,782,150원 / 7.63%)",89.44849593,0.9528948228,0.3712,-0.000016
대전광역시,서구,대전괴정고등학교,819,0.7570762363,0.264,"일반 교습학원 (950,562,442원 / 48.76%)","기타 교육기관 (195,956,852원 / 10.05%)","도서관, 사적지 및 유사 여가관련 서비스업 (181,033,750원 / 9.29%)",96.31397599,0.6849866304,0.3423,-0.00201
대전광역시,대덕구,대전매봉초등학교,587,0.7567971613,0.094,"일반 교습학원 (42,546,900원 / 23.68%)","기타 교육기관 (14,451,200원 / 8.04%)","종합 소매업 (14,327,440원 / 7.97%)",87.74118569,1,0.3436,-0.01546
대전광역시,대덕구,대전새여울초등학교,1059,0.756796521,0.094,"일반 교습학원 (42,546,900원 / 23.68%)","기타 교육기관 (14,451,200원 / 8.04%)","종합 소매업 (14,327,440원 / 7.97%)",87.74107523,1,0.3436,-0.02361
대전광역시,대덕구,대전송촌초등학교,633,0.7567939267,0.094,"일반 교습학원 (42,546,900원 / 23.68%)","기타 교육기관 (14,451,200원 / 8.04%)","종합 소매업 (14,327,440원 / 7.97%)",87.7406277,1,0.3436,-0.00948
대전광역시,대덕구,대전중리초등학교,443,0.7567232571,0.094,"일반 교습학원 (42,546,900원 / 23.68%)","기타 교육기관 (14,451,200원 / 8.04%)","종합 소매업 (14,327,440원 / 7.97%)",87.72843642,1,0.3436,-0.02966
대전광역시,서구,대전구봉고등학교,745,0.7539185058,0.264,"일반 교습학원 (950,562,442원 / 48.76%)","기타 교육기관 (195,956,852원 / 10.05%)","도서관, 사적지 및 유사 여가관련 서비스업 (181,033,750원 / 9.29%)",96.30373378,0.6642067811,0.3423,-0.00201
대전광역시,서구,대전내동중학교,553,0.7512237776,0.264,"일반 교습학원 (950,562,442원 / 48.76%)","기타 교육기관 (195,956,852원 / 10.05%)","도서관, 사적지 및 유사 여가관련 서비스업 (181,033,750원 / 9.29%)",96.32217782,0.3743060443,0.3423,0.004272
대전광역시,유성구,대전전민중학교,598,0.7505684434,0.214,"일반 교습학원 (508,945,989원 / 43.41%)","기타 교육기관 (112,787,846원 / 9.62%)","도서관, 사적지 및 유사 여가관련 서비스업 (86,197,440원 / 7.35%)",93.80364884,0.4068330726,0.346,0.001214
대전광역시,서구,동방고등학교,779,0.7504810334,0.264,"일반 교습학원 (950,562,442원 / 48.76%)","기타 교육기관 (195,956,852원 / 10.05%)","도서관, 사적지 및 유사 여가관련 서비스업 (181,033,750원 / 9.29%)",96.3252884,0.6394505796,0.3423,-0.00201
대전광역시,서구,대전봉우중학교,683,0.7481440096,0.264,"일반 교습학원 (950,562,442원 / 48.76%)","기타 교육기관 (195,956,852원 / 10.05%)","도서관, 사적지 및 유사 여가관련 서비스업 (181,033,750원 / 9.29%)",96.32309566,0.6229043563,0.3423,-0.00244
대전광역시,서구,대전도안중학교,755,0.7476985137,0.264,"일반 교습학원 (950,562,442원 / 48.76%)","기타 교육기관 (195,956,852원 / 10.05%)","도서관, 사적지 및 유사 여가관련 서비스업 (181,033,750원 / 9.29%)",96.31905298,0.6198750878,0.3423,-0.00287
대전광역시,서구,대전둔산여자고등학교,831,0.7474093768,0.264,"일반 교습학원 (950,562,442원 / 48.76%)","기타 교육기관 (195,956,852원 / 10.05%)","도서관, 사적지 및 유사 여가관련 서비스업 (181,033,750원 / 9.29%)",96.32218652,0.617632807,0.3423,-0.00201
대전광역시,서구,서일고등학교,574,0.7448410172,0.264,"일반 교습학원 (950,562,442원 / 48.76%)","기타 교육기관 (195,956,852원 / 10.05%)","도서관, 사적지 및 유사 여가관련 서비스업 (181,033,750원 / 9.29%)",93.80364884,0.7086086331,0.3423,-0.00201
대전광역시,중구,대전동산고등학교,767,0.744733064,0.081,"섬유, 의복, 신발 및 가죽제품 소매업 (47,669,480원 / 17.97%)","일반 교습학원 (31,034,120원 / 11.70%)","문화, 오락 및 여가 용품 소매업 (19,349,923원 / 7.29%)",93.57652325,0.7594217989,0.3428,-0.00201
대전광역시,서구,대전구봉중학교,654,0.7445519492,0.264,"일반 교습학원 (950,562,442원 / 48.76%)","기타 교육기관 (195,956,852원 / 10.05%)","도서관, 사적지 및 유사 여가관련 서비스업 (181,033,750원 / 9.29%)",96.32088379,0.5966293186,0.3423,-0.00244
대전광역시,유성구,대전노은중학교,816,0.7427597114,0.214,"일반 교습학원 (508,945,989원 / 43.41%)","기타 교육기관 (112,787,846원 / 9.62%)","도서관, 사적지 및 유사 여가관련 서비스업 (86,197,440원 / 7.35%)",96.68973203,0.5830683061,0.346,-0.00633
대전광역시,서구,서대전고등학교,590,0.739331518,0.264,"일반 교습학원 (950,562,442원 / 48.76%)","기타 교육기관 (195,956,852원 / 10.05%)","도서관, 사적지 및 유사 여가관련 서비스업 (181,033,750원 / 9.29%)",96.32022034,0.5563504449,0.3423,-0.00201
대전광역시,서구,대전갑천중학교,763,0.7385833922,0.264,"일반 교습학원 (950,562,442원 / 48.76%)","기타 교육기관 (195,956,852원 / 10.05%)","도서관, 사적지 및 유사 여가관련 서비스업 (181,033,750원 / 9.29%)",96.32350502,0.5501835946,0.3423,-0.0069
대전광역시,유성구,중일고등학교,679,0.7349883608,0.214,"일반 교습학원 (508,945,989원 / 43.41%)","기타 교육기관 (112,787,846원 / 9.62%)","도서관, 사적지 및 유사 여가관련 서비스업 (86,197,440원 / 7.35%)",96.69201816,0.5205107397,0.346,-0.00201
대전광역시,유성구,대전하기중학교,487,0.7339294576,0.214,"일반 교습학원 (508,945,989원 / 43.41%)","기타 교육기관 (112,787,846원 / 9.62%)","도서관, 사적지 및 유사 여가관련 서비스업 (86,197,440원 / 7.35%)",96.6820486,0.5120323583,0.346,-0.00633
대전광역시,서구,대전제일고등학교,557,0.7334729155,0.264,"일반 교습학원 (950,562,442원 / 48.76%)","기타 교육기관 (195,956,852원 / 10.05%)","도서관, 사적지 및 유사 여가관련 서비스업 (181,033,750원 / 9.29%)",96.32460622,0.5074454525,0.3423,-0.00201
대전광역시,서구,대전외국어고등학교,696,0.732309624,0.264,"일반 교습학원 (950,562,442원 / 48.76%)","기타 교육기관 (195,956,852원 / 10.05%)","도서관, 사적지 및 유사 여가관련 서비스업 (181,033,750원 / 9.29%)",96.32604215,0.4971791464,0.3423,-0.002873563218
대전광역시,유성구,대전지족고등학교,953,0.7318923374,0.214,"일반 교습학원 (508,945,989원 / 43.41%)","기타 교육기관 (112,787,846원 / 9.62%)","도서관, 사적지 및 유사 여가관련 서비스업 (86,197,440원 / 7.35%)",96.68950227,0.4937898403,0.346,-0.00201
대전광역시,서구,대전복수고등학교,648,0.7310771475,0.264,"일반 교습학원 (950,562,442원 / 48.76%)","기타 교육기관 (195,956,852원 / 10.05%)","도서관, 사적지 및 유사 여가관련 서비스업 (181,033,750원 / 9.29%)",96.30951029,0.4871559833,0.3423,-0.00201
대전광역시,서구,대전관저중학교,782,0.7303380334,0.264,"일반 교습학원 (950,562,442원 / 48.76%)","기타 교육기관 (195,956,852원 / 10.05%)","도서관, 사적지 및 유사 여가관련 서비스업 (181,033,750원 / 9.29%)",96.3210324,0.479764717,0.3423,-0.00285
대전광역시,서구,대전관저고등학교,701,0.729423503,0.264,"일반 교습학원 (950,562,442원 / 48.76%)","기타 교육기관 (195,956,852원 / 10.05%)","도서관, 사적지 및 유사 여가관련 서비스업 (181,033,750원 / 9.29%)",96.31748978,0.4715601115,0.3423,-0.00201
대전광역시,유성구,대전덕명중학교,432,0.7291595129,0.214,"일반 교습학원 (508,945,989원 / 43.41%)","기타 교육기관 (112,787,846원 / 9.62%)","도서관, 사적지 및 유사 여가관련 서비스업 (86,197,440원 / 7.35%)",96.68682716,0.4690701523,0.346,-0.01157
대전광역시,유성구,대전지족중학교,636,0.728913666,0.214,"일반 교습학원 (508,945,989원 / 43.41%)","기타 교육기관 (112,787,846원 / 9.62%)","도서관, 사적지 및 유사 여가관련 서비스업 (86,197,440원 / 7.35%)",96.68880713,0.4666488693,0.346,-0.00633
대전광역시,유성구,대전봉명중학교,583,0.7282040988,0.214,"일반 교습학원 (508,945,989원 / 43.41%)","기타 교육기관 (112,787,846원 / 9.62%)","도서관, 사적지 및 유사 여가관련 서비스업 (86,197,440원 / 7.35%)",96.68042138,0.4604824577,0.346,-0.00287
대전광역시,서구,서일여자고등학교,483,0.7272797328,0.264,"일반 교습학원 (950,562,442원 / 48.76%)","기타 교육기관 (195,956,852원 / 10.05%)","도서관, 사적지 및 유사 여가관련 서비스업 (181,033,750원 / 9.29%)",96.32561974,0.4507350249,0.3423,-0.00201
대전광역시,유성구,대전용산고등학교,849,0.7249607731,0.214,"일반 교습학원 (508,945,989원 / 43.41%)","기타 교육기관 (112,787,846원 / 9.62%)","도서관, 사적지 및 유사 여가관련 서비스업 (86,197,440원 / 7.35%)",96.68200667,0.4285715941,0.346,-0.00201
대전광역시,유성구,대전두리중학교,549,0.7245150629,0.214,"일반 교습학원 (508,945,989원 / 43.41%)","기타 교육기관 (112,787,846원 / 9.62%)","도서관, 사적지 및 유사 여가관련 서비스업 (86,197,440원 / 7.35%)",96.68328537,0.4239376811,0.346,-0.00464
대전광역시,유성구,유성고등학교,1004,0.7243842055,0.214,"일반 교습학원 (508,945,989원 / 43.41%)","기타 교육기관 (112,787,846원 / 9.62%)","도서관, 사적지 및 유사 여가관련 서비스업 (86,197,440원 / 7.35%)",96.68303984,0.4226107015,0.346,-0.00201
대전광역시,유성구,대전어은중학교,442,0.7228939216,0.214,"일반 교습학원 (508,945,989원 / 43.41%)","기타 교육기관 (112,787,846원 / 9.62%)","도서관, 사적지 및 유사 여가관련 서비스업 (86,197,440원 / 7.35%)",96.68545852,0.4068394824,0.346,-0.00945
대전광역시,유성구,대전외삼중학교,821,0.7226750448,0.214,"일반 교습학원 (508,945,989원 / 43.41%)","기타 교육기관 (112,787,846원 / 9.62%)","도서관, 사적지 및 유사 여가관련 서비스업 (86,197,440원 / 7.35%)",96.68812789,0.4043081747,0.346,-0.00633
대전광역시,서구,한밭고등학교,791,0.7224739863,0.264,"일반 교습학원 (950,562,442원 / 48.76%)","기타 교육기관 (195,956,852원 / 10.05%)","도서관, 사적지 및 유사 여가관련 서비스업 (181,033,750원 / 9.29%)",96.31857185,0.4022020511,0.3423,-0.00201
대전광역시,서구,대전둔산중학교,535,0.722387563,0.264,"일반 교습학원 (950,562,442원 / 48.76%)","기타 교육기관 (195,956,852원 / 10.05%)","도서관, 사적지 및 유사 여가관련 서비스업 (181,033,750원 / 9.29%)",96.31080062,0.4018287719,0.3423,-0.0025
대전광역시,유성구,대전반석고등학교,879,0.720355207,0.214,"일반 교습학원 (508,945,989원 / 43.41%)","기타 교육기관 (112,787,846원 / 9.62%)","도서관, 사적지 및 유사 여가관련 서비스업 (86,197,440원 / 7.35%)",96.67707281,0.3795007557,0.346,-0.00201
대전광역시,서구,대전대신고등학교,1041,0.7203140226,0.264,"일반 교습학원 (950,562,442원 / 48.76%)","기타 교육기관 (195,956,852원 / 10.05%)","도서관, 사적지 및 유사 여가관련 서비스업 (181,033,750원 / 9.29%)",93.80364884,0.5352673128,0.3423,-0.01152737752
대전광역시,중구,대전중앙고등학교,471,0.7200555394,0.081,"섬유, 의복, 신발 및 가죽제품 소매업 (47,669,480원 / 17.97%)","일반 교습학원 (31,034,120원 / 11.70%)","문화, 오락 및 여가 용품 소매업 (19,349,923원 / 7.29%)",93.80364884,0.5891261992,0.3428,-0.00201
대전광역시,유성구,대전도안고등학교,948,0.7199443706,0.214,"일반 교습학원 (508,945,989원 / 43.41%)","기타 교육기관 (112,787,846원 / 9.62%)","도서관, 사적지 및 유사 여가관련 서비스업 (86,197,440원 / 7.35%)",96.68948383,0.3738321758,0.346,-0.00201
대전광역시,유성구,유성중학교,907,0.7194447966,0.214,"일반 교습학원 (508,945,989원 / 43.41%)","기타 교육기관 (112,787,846원 / 9.62%)","도서관, 사적지 및 유사 여가관련 서비스업 (86,197,440원 / 7.35%)",96.68858986,0.3680867685,0.346,-0.00287
대전광역시,서구,대전둔원중학교,494,0.718920245,0.264,"일반 교습학원 (950,562,442원 / 48.76%)","기타 교육기관 (195,956,852원 / 10.05%)","도서관, 사적지 및 유사 여가관련 서비스업 (181,033,750원 / 9.29%)",96.31890283,0.3619576072,0.3423,-0.0025
대전광역시,서구,대전괴정중학교,548,0.7184559156,0.264,"일반 교습학원 (950,562,442원 / 48.76%)","기타 교육기관 (195,956,852원 / 10.05%)","도서관, 사적지 및 유사 여가관련 서비스업 (181,033,750원 / 9.29%)",96.32091727,0.3562195884,0.3423,-0.0025
대전광역시,서구,대전둔원고등학교,774,0.7184379537,0.264,"일반 교습학원 (950,562,442원 / 48.76%)","기타 교육기관 (195,956,852원 / 10.05%)","도서관, 사적지 및 유사 여가관련 서비스업 (181,033,750원 / 9.29%)",96.31924806,0.3561376226,0.3423,-0.00201
대전광역시,중구,대전고등학교,910,0.7184124535,0.081,"섬유, 의복, 신발 및 가죽제품 소매업 (47,669,480원 / 17.97%)","일반 교습학원 (31,034,120원 / 11.70%)","문화, 오락 및 여가 용품 소매업 (19,349,923원 / 7.29%)",93.56461538,0.5884935891,0.3428,-0.00201
대전광역시,중구,대전한빛고등학교,573,0.7177460169,0.081,"섬유, 의복, 신발 및 가죽제품 소매업 (47,669,480원 / 17.97%)","일반 교습학원 (31,034,120원 / 11.70%)","문화, 오락 및 여가 용품 소매업 (19,349,923원 / 7.29%)",93.57883653,0.5829096281,0.3428,-0.00201
대전광역시,서구,충남고등학교,876,0.7171914914,0.264,"일반 교습학원 (950,562,442원 / 48.76%)","기타 교육기관 (195,956,852원 / 10.05%)","도서관, 사적지 및 유사 여가관련 서비스업 (181,033,750원 / 9.29%)",96.31748706,0.3408797848,0.3423,-0.00201
대전광역시,서구,대전만년고등학교,718,0.7168348521,0.264,"일반 교습학원 (950,562,442원 / 48.76%)","기타 교육기관 (195,956,852원 / 10.05%)","도서관, 사적지 및 유사 여가관련 서비스업 (181,033,750원 / 9.29%)",96.32142897,0.3360098768,0.3423,-0.00201
대전광역시,중구,남대전고등학교,653,0.7159708213,0.081,"섬유, 의복, 신발 및 가죽제품 소매업 (47,669,480원 / 17.97%)","일반 교습학원 (31,034,120원 / 11.70%)","문화, 오락 및 여가 용품 소매업 (19,349,923원 / 7.29%)",93.80364884,0.5584577882,0.3428,-0.00201
대전광역시,중구,대전대성중학교,444,0.7151049503,0.081,"섬유, 의복, 신발 및 가죽제품 소매업 (47,669,480원 / 17.97%)","일반 교습학원 (31,034,120원 / 11.70%)","문화, 오락 및 여가 용품 소매업 (19,349,923원 / 7.29%)",93.5784985,0.2431260633,0.3428,0.005216
대전광역시,유성구,대전노은고등학교,610,0.7148537134,0.214,"일반 교습학원 (508,945,989원 / 43.41%)","기타 교육기관 (112,787,846원 / 9.62%)","도서관, 사적지 및 유사 여가관련 서비스업 (86,197,440원 / 7.35%)",96.68316393,0.3103107039,0.346,-0.00201
대전광역시,중구,대전여자중학교,526,0.7143531616,0.081,"섬유, 의복, 신발 및 가죽제품 소매업 (47,669,480원 / 17.97%)","일반 교습학원 (31,034,120원 / 11.70%)","문화, 오락 및 여가 용품 소매업 (19,349,923원 / 7.29%)",93.57112801,0.5577302198,0.3428,-0.00137
대전광역시,유성구,대덕중학교,528,0.7114207113,0.214,"일반 교습학원 (508,945,989원 / 43.41%)","기타 교육기관 (112,787,846원 / 9.62%)","도서관, 사적지 및 유사 여가관련 서비스업 (86,197,440원 / 7.35%)",96.68289899,0.2587077181,0.346,-0.00945
대전광역시,유성구,대전원신흥중학교,969,0.7106090068,0.214,"일반 교습학원 (508,945,989원 / 43.41%)","기타 교육기관 (112,787,846원 / 9.62%)","도서관, 사적지 및 유사 여가관련 서비스업 (86,197,440원 / 7.35%)",93.80364884,0.4738582095,0.346,-0.00287
대전광역시,동구,명석고등학교,695,0.7084333501,0.084,"일반 교습학원 (63,106,710원 / 19.44%)","종합 소매업 (30,720,610원 / 9.46%)","섬유, 의복, 신발 및 가죽제품 소매업 (24,782,150원 / 7.63%)",89.4492446,0.6826940905,0.3712,-0.00201
대전광역시,중구,대전성모여자고등학교,537,0.7074537736,0.081,"섬유, 의복, 신발 및 가죽제품 소매업 (47,669,480원 / 17.97%)","일반 교습학원 (31,034,120원 / 11.70%)","문화, 오락 및 여가 용품 소매업 (19,349,923원 / 7.29%)",93.57875854,0.5017738496,0.3428,-0.00201
대전광역시,대덕구,대전이문고등학교,479,0.7038887636,0.094,"일반 교습학원 (42,546,900원 / 23.68%)","기타 교육기관 (14,451,200원 / 8.04%)","종합 소매업 (14,327,440원 / 7.97%)",87.74382463,0.7322334062,0.3436,-0.00201
대전광역시,유성구,유성생명과학고등학교,544,0.7033826721,0.214,"일반 교습학원 (508,945,989원 / 43.41%)","기타 교육기관 (112,787,846원 / 9.62%)","도서관, 사적지 및 유사 여가관련 서비스업 (86,197,440원 / 7.35%)",96.64765686,0.02720712877,0.346,-0.007352941176
대전광역시,중구,호수돈여자고등학교,614,0.7019458465,0.081,"섬유, 의복, 신발 및 가죽제품 소매업 (47,669,480원 / 17.97%)","일반 교습학원 (31,034,120원 / 11.70%)","문화, 오락 및 여가 용품 소매업 (19,349,923원 / 7.29%)",93.57457112,0.4532492479,0.3428,-0.00201
대전광역시,중구,대전여자상업고등학교,438,0.7001662014,0.081,"섬유, 의복, 신발 및 가죽제품 소매업 (47,669,480원 / 17.97%)","일반 교습학원 (31,034,120원 / 11.70%)","문화, 오락 및 여가 용품 소매업 (19,349,923원 / 7.29%)",93.80364884,0.1188824672,0.3428,0.006849315068
대전광역시,유성구,대덕고등학교,581,0.6999429453,0.214,"일반 교습학원 (508,945,989원 / 43.41%)","기타 교육기관 (112,787,846원 / 9.62%)","도서관, 사적지 및 유사 여가관련 서비스업 (86,197,440원 / 7.35%)",93.80364884,0.3664306202,0.346,-0.00201
대전광역시,중구,대전신일여자고등학교,433,0.6991586414,0.081,"섬유, 의복, 신발 및 가죽제품 소매업 (47,669,480원 / 17.97%)","일반 교습학원 (31,034,120원 / 11.70%)","문화, 오락 및 여가 용품 소매업 (19,349,923원 / 7.29%)",93.57846035,0.1403442192,0.3428,0.006928406467
대전광역시,중구,충남여자고등학교,951,0.6980659348,0.081,"섬유, 의복, 신발 및 가죽제품 소매업 (47,669,480원 / 17.97%)","일반 교습학원 (31,034,120원 / 11.70%)","문화, 오락 및 여가 용품 소매업 (19,349,923원 / 7.29%)",93.56247459,0.4165602728,0.3428,-0.00201
대전광역시,유성구,유성여자고등학교,561,0.6956302349,0.214,"일반 교습학원 (508,945,989원 / 43.41%)","기타 교육기관 (112,787,846원 / 9.62%)","도서관, 사적지 및 유사 여가관련 서비스업 (86,197,440원 / 7.35%)",93.80364884,0.3133036567,0.346,-0.00201
대전광역시,중구,대전대성고등학교,1002,0.6951586556,0.081,"섬유, 의복, 신발 및 가죽제품 소매업 (47,669,480원 / 17.97%)","일반 교습학원 (31,034,120원 / 11.70%)","문화, 오락 및 여가 용품 소매업 (19,349,923원 / 7.29%)",93.57600798,0.3853047074,0.3428,-0.01796407186
대전광역시,동구,대전가양중학교,511,0.6924126269,0.084,"일반 교습학원 (63,106,710원 / 19.44%)","종합 소매업 (30,720,610원 / 9.46%)","섬유, 의복, 신발 및 가죽제품 소매업 (24,782,150원 / 7.63%)",89.44064905,0.5760877754,0.3712,-0.000016
대전광역시,동구,대전은어송중학교,665,0.6920391882,0.084,"일반 교습학원 (63,106,710원 / 19.44%)","종합 소매업 (30,720,610원 / 9.46%)","섬유, 의복, 신발 및 가죽제품 소매업 (24,782,150원 / 7.63%)",89.44196742,0.5733274172,0.3712,-0.00137
대전광역시,중구,대전대흥초등학교,492,0.6903559174,0.081,"섬유, 의복, 신발 및 가죽제품 소매업 (47,669,480원 / 17.97%)","일반 교습학원 (31,034,120원 / 11.70%)","문화, 오락 및 여가 용품 소매업 (19,349,923원 / 7.29%)",93.57457995,0.329566855,0.3428,-0.03659
대전광역시,동구,우송고등학교,814,0.6885823862,0.084,"일반 교습학원 (63,106,710원 / 19.44%)","종합 소매업 (30,720,610원 / 9.46%)","섬유, 의복, 신발 및 가죽제품 소매업 (24,782,150원 / 7.63%)",89.43861998,0.5479495896,0.3712,-0.00201
대전광역시,동구,대전가오중학교,534,0.6816119724,0.084,"일반 교습학원 (63,106,710원 / 19.44%)","종합 소매업 (30,720,610원 / 9.46%)","섬유, 의복, 신발 및 가죽제품 소매업 (24,782,150원 / 7.63%)",89.45000624,0.4922730553,0.3712,-0.00137
대전광역시,대덕구,동대전고등학교,933,0.6797814844,0.094,"일반 교습학원 (42,546,900원 / 23.68%)","기타 교육기관 (14,451,200원 / 8.04%)","종합 소매업 (14,327,440원 / 7.97%)",87.7322801,0.5802019886,0.3436,-0.00201
대전광역시,동구,보문고등학교,605,0.6788868808,0.084,"일반 교습학원 (63,106,710원 / 19.44%)","종합 소매업 (30,720,610원 / 9.46%)","섬유, 의복, 신발 및 가죽제품 소매업 (24,782,150원 / 7.63%)",89.45389807,0.4689125482,0.3712,-0.00201
대전광역시,동구,대전가오고등학교,686,0.6777043795,0.084,"일반 교습학원 (63,106,710원 / 19.44%)","종합 소매업 (30,720,610원 / 9.46%)","섬유, 의복, 신발 및 가죽제품 소매업 (24,782,150원 / 7.63%)",89.43167638,0.4598331152,0.3712,-0.00201
대전광역시,중구,충남기계공업고등학교,749,0.6770915383,0.081,"섬유, 의복, 신발 및 가죽제품 소매업 (47,669,480원 / 17.97%)","일반 교습학원 (31,034,120원 / 11.70%)","문화, 오락 및 여가 용품 소매업 (19,349,923원 / 7.29%)",93.56486871,0.0181513271,0.3428,-0.009345794393
대전광역시,동구,대전여자고등학교,922,0.6756681593,0.084,"일반 교습학원 (63,106,710원 / 19.44%)","종합 소매업 (30,720,610원 / 9.46%)","섬유, 의복, 신발 및 가죽제품 소매업 (24,782,150원 / 7.63%)",89.44632321,0.4405972176,0.3712,-0.00201
대전광역시,대덕구,신탄진중학교,412,0.6672613539,0.094,"일반 교습학원 (42,546,900원 / 23.68%)","기타 교육기관 (14,451,200원 / 8.04%)","종합 소매업 (14,327,440원 / 7.97%)",87.74638188,0.484459561,0.3436,-0.00167
대전광역시,대덕구,대전송촌고등학교,957,0.6643264327,0.094,"일반 교습학원 (42,546,900원 / 23.68%)","기타 교육기관 (14,451,200원 / 8.04%)","종합 소매업 (14,327,440원 / 7.97%)",87.72222501,0.4610033266,0.3436,-0.00201
대전광역시,대덕구,신탄진고등학교,467,0.6634809257,0.094,"일반 교습학원 (42,546,900원 / 23.68%)","기타 교육기관 (14,451,200원 / 8.04%)","종합 소매업 (14,327,440원 / 7.97%)",87.73800714,0.4527221043,0.3436,-0.00201
대전광역시,동구,동아마이스터고등학교,490,0.6611503459,0.084,"일반 교습학원 (63,106,710원 / 19.44%)","종합 소매업 (30,720,610원 / 9.46%)","섬유, 의복, 신발 및 가죽제품 소매업 (24,782,150원 / 7.63%)",89.45363946,0.2780056754,0.3712,-0.008163265306
대전광역시,대덕구,대전대청중학교,549,0.6604679394,0.094,"일반 교습학원 (42,546,900원 / 23.68%)","기타 교육기관 (14,451,200원 / 8.04%)","종합 소매업 (14,327,440원 / 7.97%)",87.73099939,0.4259013477,0.3436,-0.00167
대전광역시,동구,대전대성여자고등학교,572,0.657712327,0.084,"일반 교습학원 (63,106,710원 / 19.44%)","종합 소매업 (30,720,610원 / 9.46%)","섬유, 의복, 신발 및 가죽제품 소매업 (24,782,150원 / 7.63%)",89.44217949,0.04170942793,0.3712,0.001748251748
대전광역시,동구,충남중학교,740,0.6569017881,0.084,"일반 교습학원 (63,106,710원 / 19.44%)","종합 소매업 (30,720,610원 / 9.46%)","섬유, 의복, 신발 및 가죽제품 소매업 (24,782,150원 / 7.63%)",89.44959459,0.2095359728,0.3712,-0.000016
대전광역시,대덕구,대전매봉중학교,744,0.6427673665,0.094,"일반 교습학원 (42,546,900원 / 23.68%)","기타 교육기관 (14,451,200원 / 8.04%)","종합 소매업 (14,327,440원 / 7.97%)",87.74441577,0.2056152115,0.3436,-0.00374
대전광역시,대덕구,대전송촌중학교,722,0.6387119988,0.094,"일반 교습학원 (42,546,900원 / 23.68%)","기타 교육기관 (14,451,200원 / 8.04%)","종합 소매업 (14,327,440원 / 7.97%)",87.74338319,0.1055971415,0.3436,-0.00374
대전광역시,대덕구,대전생활과학고등학교,467,0.6372577893,0.094,"일반 교습학원 (42,546,900원 / 23.68%)","기타 교육기관 (14,451,200원 / 8.04%)","종합 소매업 (14,327,440원 / 7.97%)",87.74371734,0,0.3436,-0.002141327623